Player,Season,Team,Position,PTS,TRB,AST,STL,BLK,TOV,FT,FG%,3P%,2P%,FT%,TS%,BPM,OBPM,DBPM,PER,WS
LeBron James,2015-16,CLE,SF,25.3,7.4,6.8,1.4,0.6,3.3,4.7,0.52,0.309,0.573,0.731,0.588,9.0,7.0,2.0,27.5,13.6
Kevin Durant,2015-16,OKC,SF,28.2,8.2,5.0,1.0,1.2,3.5,6.2,0.505,0.387,0.569,0.898,0.634,9.9,8.4,1.6,28.2,14.5
Stephen Curry,2015-16,GSW,PG,30.1,5.4,6.7,2.1,0.2,3.3,4.6,0.504,0.454,0.566,0.908,0.669,11.9,10.3,1.6,31.5,17.9
Nikola Jokić,2015-16,DEN,C,10.0,7.0,2.4,1.0,0.6,1.3,1.9,0.512,0.333,0.541,0.811,0.582,3.9,2.6,1.3,21.5,6.7
Giannis Antetokounmpo,2015-16,MIL,PG,16.9,7.7,4.3,1.2,1.4,2.6,3.7,0.506,0.257,0.537,0.724,0.566,2.1,1.3,0.7,18.8,7.1
Kawhi Leonard,2015-16,SAS,SF,21.2,6.8,2.6,1.8,1.0,1.5,4.1,0.506,0.443,0.528,0.874,0.616,9.1,6.1,3.0,26.0,13.7
James Harden,2015-16,HOU,SG,29.0,6.1,7.5,1.7,0.6,4.6,8.8,0.439,0.359,0.494,0.86,0.598,6.6,6.4,0.2,25.3,13.3
Russell Westbrook,2015-16,OKC,PG,23.5,7.8,10.4,2.0,0.3,4.3,5.8,0.454,0.296,0.503,0.812,0.554,7.8,6.4,1.4,27.6,14.0
Anthony Davis,2015-16,NOP,C,24.3,10.3,1.9,1.3,2.0,2.0,5.3,0.493,0.324,0.511,0.758,0.559,3.9,3.6,0.4,25.0,7.2
Devin Booker,2015-16,PHO,SG,13.8,2.5,2.6,0.6,0.3,2.1,2.8,0.423,0.343,0.464,0.84,0.535,-2.8,-1.2,-1.7,11.9,1.9
Damian Lillard,2015-16,POR,PG,25.1,4.0,6.8,0.9,0.4,3.2,5.5,0.419,0.375,0.45,0.892,0.56,4.4,5.7,-1.3,22.2,9.2
Jimmy Butler,2015-16,CHI,SG,20.9,5.3,4.8,1.6,0.6,2.0,5.9,0.454,0.312,0.489,0.832,0.562,4.4,3.2,1.2,21.3,9.1
Kyrie Irving,2015-16,CLE,PG,19.6,3.0,4.7,1.1,0.3,2.3,3.2,0.448,0.321,0.502,0.885,0.54,2.3,3.2,-0.8,19.9,5.0
Paul George,2015-16,IND,SF,23.1,7.0,4.1,1.9,0.4,3.3,5.6,0.418,0.371,0.447,0.86,0.557,4.9,3.7,1.2,20.9,9.2
Chris Paul,2015-16,LAC,PG,19.5,4.2,10.0,2.1,0.2,2.6,4.0,0.462,0.371,0.501,0.896,0.575,7.9,5.9,2.0,26.2,12.7
Klay Thompson,2015-16,GSW,SG,22.1,3.8,2.1,0.8,0.6,1.7,2.4,0.47,0.425,0.51,0.873,0.597,1.8,3.4,-1.6,18.6,8.0
Bradley Beal,2015-16,WAS,SG,17.4,3.4,2.9,1.0,0.2,2.0,2.5,0.449,0.387,0.481,0.767,0.547,0.3,1.2,-0.9,15.5,2.7
DeMar DeRozan,2015-16,TOR,SG,23.5,4.5,4.0,1.0,0.3,2.2,7.1,0.446,0.338,0.458,0.85,0.55,2.5,3.2,-0.7,21.5,9.9
Mike Conley,2015-16,MEM,PG,15.3,2.9,6.1,1.2,0.3,1.5,3.4,0.422,0.363,0.449,0.834,0.538,3.0,3.5,-0.5,19.4,5.3
Julius Randle,2015-16,LAL,PF,11.3,10.2,1.8,0.7,0.4,1.8,2.4,0.429,0.278,0.436,0.715,0.482,-3.2,-1.9,-1.3,13.9,1.6
Jrue Holiday,2015-16,NOP,PG,16.8,3.0,6.0,1.4,0.3,2.6,2.8,0.439,0.336,0.478,0.843,0.529,2.1,2.7,-0.6,19.7,3.4
Andrew Wiggins,2015-16,MIN,SF,20.7,3.6,2.0,1.0,0.6,2.2,5.3,0.459,0.3,0.486,0.761,0.543,-1.3,0.9,-2.2,16.5,4.1
Kristaps Porzingis,2015-16,NYK,PF,14.3,7.3,1.3,0.7,1.9,1.7,2.8,0.421,0.333,0.454,0.838,0.518,0.9,0.6,0.3,17.7,4.4
CJ McCollum,2015-16,POR,SG,20.8,3.2,4.3,1.2,0.3,2.5,2.3,0.448,0.417,0.463,0.827,0.544,1.3,2.3,-1.0,17.7,6.0
Karl-Anthony Towns,2015-16,MIN,C,18.3,10.5,2.0,0.7,1.7,2.2,2.7,0.542,0.341,0.559,0.811,0.59,2.2,2.5,-0.4,22.5,8.3
Draymond Green,2015-16,GSW,PF,14.0,9.5,7.4,1.5,1.4,3.2,2.8,0.49,0.388,0.537,0.696,0.587,5.5,2.6,2.9,19.3,11.1
Brook Lopez,2015-16,BRK,C,20.6,7.8,2.0,0.8,1.7,2.4,4.3,0.511,0.143,0.515,0.787,0.562,1.3,1.9,-0.5,21.7,6.2
Aaron Gordon,2015-16,ORL,PF,9.2,6.5,1.6,0.8,0.7,0.8,1.7,0.473,0.296,0.531,0.668,0.541,1.0,0.9,0.1,17.0,5.4
LeBron James,2016-17,CLE,SF,26.4,8.6,8.7,1.2,0.6,4.1,4.8,0.548,0.363,0.611,0.674,0.619,7.6,6.4,1.2,27.0,12.9
Kevin Durant,2016-17,GSW,PF,25.1,8.3,4.8,1.1,1.6,2.2,5.4,0.537,0.375,0.608,0.875,0.651,8.9,6.7,2.2,27.6,12.0
Stephen Curry,2016-17,GSW,PG,25.3,4.5,6.6,1.8,0.2,3.0,4.1,0.468,0.411,0.537,0.898,0.624,6.9,6.7,0.3,24.6,12.6
Nikola Jokić,2016-17,DEN,C,16.7,9.8,4.9,0.8,0.8,2.3,2.6,0.578,0.324,0.628,0.825,0.64,7.3,5.9,1.4,26.3,9.7
Giannis Antetokounmpo,2016-17,MIL,SF,22.9,8.8,5.4,1.6,1.9,2.9,5.9,0.521,0.272,0.563,0.77,0.599,7.3,4.9,2.4,26.1,12.4
Joel Embiid,2016-17,PHI,C,20.2,7.8,2.1,0.9,2.5,3.8,6.2,0.466,0.367,0.495,0.783,0.584,4.5,1.9,2.7,24.1,1.9
Kawhi Leonard,2016-17,SAS,SF,25.5,5.8,3.5,1.8,0.7,2.1,6.3,0.485,0.38,0.529,0.88,0.61,9.4,7.1,2.2,27.6,13.6
James Harden,2016-17,HOU,PG,29.1,8.1,11.2,1.5,0.5,5.7,9.2,0.44,0.347,0.53,0.847,0.613,8.7,7.5,1.2,27.4,15.0
Russell Westbrook,2016-17,OKC,PG,31.6,10.7,10.4,1.6,0.4,5.4,8.8,0.425,0.343,0.459,0.845,0.554,11.1,8.7,2.4,30.6,13.1
Anthony Davis,2016-17,NOP,C,28.0,11.8,2.1,1.3,2.2,2.4,6.9,0.505,0.299,0.524,0.802,0.58,5.9,4.4,1.4,27.5,11.0
Devin Booker,2016-17,PHO,SG,22.1,3.2,3.4,0.9,0.3,3.1,4.7,0.423,0.363,0.447,0.832,0.531,-1.9,0.3,-2.3,14.6,2.0
Damian Lillard,2016-17,POR,PG,27.0,4.9,5.9,0.9,0.3,2.6,6.5,0.444,0.37,0.492,0.895,0.586,5.0,6.1,-1.1,24.1,10.4
Jimmy Butler,2016-17,CHI,SF,23.9,6.2,5.5,1.9,0.4,2.1,7.7,0.455,0.367,0.477,0.865,0.586,7.3,5.6,1.7,25.1,13.8
Kyrie Irving,2016-17,CLE,PG,25.2,3.2,5.8,1.2,0.3,2.5,4.1,0.473,0.401,0.505,0.905,0.58,3.4,4.7,-1.3,23.0,8.9
Paul George,2016-17,IND,SF,23.7,6.6,3.3,1.6,0.4,2.9,4.5,0.461,0.393,0.501,0.898,0.587,3.1,3.0,0.1,20.2,7.1
Chris Paul,2016-17,LAC,PG,18.1,5.0,9.2,2.0,0.1,2.4,3.8,0.476,0.411,0.518,0.892,0.614,8.7,6.3,2.5,26.2,10.6
Klay Thompson,2016-17,GSW,SG,22.3,3.7,2.1,0.8,0.5,1.6,2.4,0.468,0.414,0.516,0.853,0.592,0.8,2.4,-1.6,17.4,7.1
Bradley Beal,2016-17,WAS,SG,23.1,3.1,3.5,1.1,0.3,2.0,3.7,0.482,0.404,0.538,0.825,0.604,3.3,4.2,-1.0,20.1,8.5
DeMar DeRozan,2016-17,TOR,SG,27.3,5.2,3.9,1.1,0.2,2.4,7.4,0.467,0.266,0.484,0.842,0.552,3.0,4.1,-1.0,24.0,9.0
Mike Conley,2016-17,MEM,PG,20.5,3.5,6.3,1.3,0.3,2.3,4.6,0.46,0.408,0.497,0.859,0.604,6.8,6.0,0.8,23.2,10.0
Julius Randle,2016-17,LAL,PF,13.2,8.6,3.6,0.7,0.5,2.3,2.8,0.488,0.27,0.507,0.723,0.543,-0.9,-0.6,-0.3,16.3,3.5
Jaylen Brown,2016-17,BOS,SF,6.6,2.8,0.8,0.4,0.2,0.9,1.1,0.454,0.341,0.507,0.685,0.539,-3.7,-3.0,-0.8,10.3,1.5
Jrue Holiday,2016-17,NOP,PG,15.4,3.9,7.3,1.5,0.7,2.9,1.8,0.454,0.356,0.498,0.708,0.532,1.3,1.0,0.2,17.1,3.8
Andrew Wiggins,2016-17,MIN,SF,23.6,4.0,2.3,1.0,0.4,2.3,5.0,0.452,0.356,0.473,0.76,0.534,-1.7,0.7,-2.4,16.5,4.2
Kristaps Porzingis,2016-17,NYK,PF,18.1,7.2,1.5,0.7,2.0,1.8,3.0,0.45,0.357,0.493,0.786,0.546,0.3,0.7,-0.3,17.4,4.5
CJ McCollum,2016-17,POR,SG,23.0,3.6,3.6,0.9,0.5,2.2,3.4,0.48,0.421,0.506,0.912,0.585,2.0,3.4,-1.4,19.9,7.6
Domantas Sabonis,2016-17,OKC,PF,5.9,3.6,1.0,0.5,0.4,1.0,0.5,0.399,0.321,0.438,0.657,0.469,-4.5,-4.5,-0.1,6.9,0.8
Karl-Anthony Towns,2016-17,MIN,C,25.1,12.3,2.7,0.7,1.3,2.6,4.3,0.542,0.367,0.582,0.832,0.618,4.7,5.5,-0.7,25.9,12.7
Brandon Ingram,2016-17,LAL,SF,9.4,4.0,2.1,0.6,0.5,1.5,1.7,0.402,0.294,0.443,0.621,0.474,-4.4,-3.0,-1.4,8.5,-0.3
Pascal Siakam,2016-17,TOR,PF,4.2,3.4,0.3,0.5,0.8,0.6,0.4,0.502,0.143,0.515,0.688,0.523,-2.4,-3.0,0.7,11.5,1.6
Fred VanVleet,2016-17,TOR,PG,2.9,1.1,0.9,0.4,0.1,0.4,0.5,0.351,0.379,0.341,0.818,0.443,-2.1,-3.6,1.6,10.5,0.2
Draymond Green,2016-17,GSW,PF,10.2,7.9,7.0,2.0,1.4,2.4,2.0,0.418,0.308,0.494,0.709,0.522,4.9,1.0,3.9,16.5,8.2
Brook Lopez,2016-17,BRK,C,20.5,5.4,2.3,0.5,1.7,2.5,3.9,0.474,0.346,0.536,0.81,0.578,2.3,2.9,-0.6,20.4,4.9
Aaron Gordon,2016-17,ORL,SF,12.7,5.1,1.9,0.8,0.5,1.1,2.0,0.454,0.288,0.528,0.719,0.53,-1.0,-0.3,-0.7,14.5,3.7
LeBron James,2017-18,CLE,PF,27.5,8.6,9.1,1.4,0.9,4.2,4.7,0.542,0.367,0.603,0.731,0.621,8.7,7.3,1.4,28.6,14.0
Kevin Durant,2017-18,GSW,SF,26.4,6.8,5.4,0.7,1.8,3.0,5.3,0.516,0.419,0.565,0.889,0.64,7.3,6.7,0.6,26.0,10.4
Stephen Curry,2017-18,GSW,PG,26.4,5.1,6.1,1.6,0.2,3.0,5.5,0.495,0.423,0.595,0.921,0.675,7.7,7.8,0.0,28.2,9.1
Nikola Jokić,2017-18,DEN,C,18.5,10.7,6.1,1.2,0.8,2.8,3.5,0.499,0.396,0.538,0.85,0.603,6.9,5.3,1.6,24.4,10.7
Giannis Antetokounmpo,2017-18,MIL,PF,26.9,10.0,4.8,1.5,1.4,3.0,6.5,0.529,0.307,0.554,0.76,0.598,6.2,5.3,0.9,27.3,11.9
Joel Embiid,2017-18,PHI,C,22.9,11.0,3.2,0.6,1.8,3.7,5.7,0.483,0.308,0.527,0.769,0.573,3.3,2.0,1.3,22.9,6.2
Kawhi Leonard,2017-18,SAS,SF,16.2,4.7,2.3,2.0,1.0,1.8,3.4,0.468,0.314,0.539,0.816,0.572,10.1,5.2,4.9,26.0,0.9
James Harden,2017-18,HOU,SG,30.4,5.4,8.8,1.8,0.7,4.4,8.7,0.449,0.367,0.531,0.858,0.619,9.9,8.5,1.4,29.8,15.4
Russell Westbrook,2017-18,OKC,PG,25.4,10.1,10.3,1.8,0.3,4.8,5.2,0.449,0.298,0.485,0.737,0.524,6.3,4.8,1.5,24.7,10.1
Jayson Tatum,2017-18,BOS,SF,13.9,5.0,1.6,1.0,0.7,1.4,2.7,0.475,0.434,0.492,0.826,0.586,1.2,0.0,1.2,15.2,7.1
Anthony Davis,2017-18,NOP,PF,28.1,11.1,2.3,1.5,2.6,2.2,6.6,0.534,0.34,0.558,0.828,0.612,6.7,5.3,1.4,28.9,13.7
Devin Booker,2017-18,PHO,SG,24.9,4.5,4.7,0.9,0.3,3.6,5.4,0.432,0.383,0.46,0.878,0.561,0.9,2.9,-2.0,18.1,2.4
Damian Lillard,2017-18,POR,PG,26.9,4.5,6.6,1.1,0.4,2.8,6.8,0.439,0.361,0.501,0.916,0.594,7.2,7.0,0.3,25.2,12.6
Jimmy Butler,2017-18,MIN,SG,22.2,5.3,4.9,2.0,0.4,1.8,6.2,0.474,0.35,0.509,0.854,0.59,5.8,5.0,0.7,23.7,8.9
Kyrie Irving,2017-18,BOS,PG,24.4,3.8,5.1,1.1,0.3,2.3,3.9,0.491,0.408,0.541,0.889,0.61,7.3,6.4,0.9,25.0,8.9
Paul George,2017-18,OKC,SF,21.9,5.7,3.3,2.0,0.5,2.7,4.3,0.43,0.401,0.454,0.822,0.57,2.9,2.3,0.6,18.7,8.9
Chris Paul,2017-18,HOU,PG,18.6,5.4,7.9,1.7,0.2,2.2,3.5,0.46,0.38,0.532,0.919,0.604,7.1,5.2,1.8,24.4,10.2
Klay Thompson,2017-18,GSW,SG,20.0,3.8,2.5,0.8,0.5,1.8,1.1,0.488,0.44,0.525,0.837,0.598,-0.4,1.7,-2.1,16.0,4.9
Bradley Beal,2017-18,WAS,SG,22.6,4.4,4.5,1.2,0.4,2.6,3.6,0.46,0.375,0.507,0.791,0.564,2.2,2.9,-0.7,18.4,6.9
DeMar DeRozan,2017-18,TOR,SG,23.0,3.9,5.2,1.1,0.3,2.2,5.8,0.456,0.31,0.494,0.825,0.555,2.8,3.3,-0.6,21.0,9.6
Mike Conley,2017-18,MEM,PG,17.1,2.3,4.1,1.0,0.3,1.5,4.4,0.381,0.312,0.44,0.803,0.52,0.5,1.3,-0.8,15.4,0.6
Julius Randle,2017-18,LAL,C,16.1,8.0,2.6,0.5,0.5,2.6,3.7,0.558,0.222,0.575,0.718,0.606,0.6,0.6,0.0,19.9,6.6
Jaylen Brown,2017-18,BOS,SG,14.5,4.9,1.6,1.0,0.4,1.8,2.1,0.465,0.395,0.507,0.644,0.562,-0.5,-0.8,0.3,13.6,4.5
Jrue Holiday,2017-18,NOP,SG,19.0,4.5,6.0,1.5,0.8,2.6,2.3,0.494,0.337,0.557,0.786,0.57,1.6,1.3,0.3,17.8,7.1
Bam Adebayo,2017-18,MIA,C,6.9,5.5,1.5,0.5,0.6,1.0,1.9,0.512,0.0,0.523,0.721,0.57,-0.4,-1.1,0.7,15.7,4.2
Andrew Wiggins,2017-18,MIN,SF,17.7,4.4,2.0,1.1,0.6,1.7,2.5,0.438,0.331,0.475,0.643,0.505,-2.4,-0.8,-1.7,13.0,2.1
Kristaps Porzingis,2017-18,NYK,PF,22.7,6.6,1.2,0.8,2.4,1.9,4.5,0.439,0.395,0.454,0.793,0.539,1.8,1.9,-0.1,20.4,3.2
CJ McCollum,2017-18,POR,SG,21.4,4.0,3.4,1.0,0.4,1.9,2.6,0.443,0.397,0.465,0.836,0.536,1.2,1.8,-0.5,16.9,6.6
Derrick White,2017-18,SAS,PG,3.2,1.5,0.5,0.2,0.2,0.4,0.8,0.485,0.615,0.4,0.7,0.646,2.3,0.8,1.5,15.9,0.5
Donovan Mitchell,2017-18,UTA,SG,20.5,3.7,3.7,1.5,0.3,2.7,3.0,0.437,0.34,0.502,0.805,0.541,1.2,0.9,0.3,16.7,5.2
De'Aaron Fox,2017-18,SAC,PG,11.6,2.8,4.4,1.0,0.3,2.4,1.9,0.412,0.307,0.436,0.723,0.478,-4.2,-2.7,-1.5,11.2,-0.6
Domantas Sabonis,2017-18,IND,C,11.6,7.7,2.0,0.5,0.4,1.9,2.3,0.514,0.351,0.524,0.75,0.567,-1.1,-0.6,-0.5,17.5,4.7
Karl-Anthony Towns,2017-18,MIN,C,21.3,12.3,2.4,0.8,1.4,1.9,4.2,0.545,0.421,0.585,0.858,0.646,5.1,4.9,0.2,24.9,14.0
Brandon Ingram,2017-18,LAL,SF,16.1,5.3,3.9,0.8,0.7,2.5,3.3,0.47,0.39,0.483,0.681,0.536,-1.2,-0.9,-0.3,13.8,2.8
Pascal Siakam,2017-18,TOR,PF,7.3,4.5,2.0,0.8,0.5,0.8,0.7,0.508,0.22,0.612,0.621,0.549,1.3,-0.3,1.6,14.5,4.7
Fred VanVleet,2017-18,TOR,PG,8.6,2.4,3.2,0.9,0.3,1.0,1.1,0.426,0.414,0.437,0.832,0.556,2.4,1.4,1.0,15.9,4.7
Draymond Green,2017-18,GSW,PF,11.0,7.6,7.3,1.4,1.3,2.9,1.9,0.454,0.301,0.562,0.775,0.556,2.8,0.9,1.9,16.1,6.1
Brook Lopez,2017-18,LAL,C,13.0,4.0,1.7,0.4,1.3,1.3,1.5,0.465,0.345,0.549,0.703,0.557,0.9,0.7,0.2,16.5,3.8
Aaron Gordon,2017-18,ORL,PF,17.6,7.9,2.3,1.0,0.8,1.8,2.7,0.434,0.336,0.497,0.698,0.53,0.3,0.9,-0.6,16.5,2.9
LeBron James,2018-19,LAL,SF,27.4,8.5,8.3,1.3,0.6,3.6,5.1,0.51,0.339,0.582,0.665,0.588,8.0,6.4,1.7,25.6,7.2
Kevin Durant,2018-19,GSW,SF,26.0,6.4,5.9,0.7,1.1,2.9,5.7,0.521,0.353,0.587,0.885,0.631,5.5,5.4,0.1,24.2,11.5
Stephen Curry,2018-19,GSW,PG,27.3,5.3,5.2,1.3,0.4,2.8,3.8,0.472,0.437,0.525,0.916,0.641,6.6,7.1,-0.5,24.4,9.7
Nikola Jokić,2018-19,DEN,C,20.1,10.8,7.3,1.4,0.7,3.1,3.6,0.511,0.307,0.569,0.821,0.589,9.1,6.2,2.9,26.3,11.8
Giannis Antetokounmpo,2018-19,MIL,PF,27.7,12.5,5.9,1.3,1.5,3.7,6.9,0.578,0.256,0.641,0.729,0.644,10.4,6.3,4.1,30.9,14.4
Joel Embiid,2018-19,PHI,C,27.5,13.6,3.7,0.7,1.9,3.5,8.2,0.484,0.3,0.535,0.804,0.593,4.9,4.0,0.9,26.1,8.7
Kawhi Leonard,2018-19,TOR,SF,26.6,7.3,3.3,1.8,0.4,2.0,6.1,0.496,0.371,0.542,0.854,0.606,7.2,6.1,1.1,25.8,9.5
James Harden,2018-19,HOU,PG,36.1,6.6,7.5,2.0,0.7,5.0,9.7,0.442,0.368,0.528,0.879,0.616,11.0,9.4,1.6,30.6,15.2
Russell Westbrook,2018-19,OKC,PG,22.9,11.1,10.7,1.9,0.5,4.5,4.1,0.428,0.29,0.481,0.656,0.501,5.2,2.8,2.4,21.1,6.8
Jayson Tatum,2018-19,BOS,SF,15.7,6.0,2.1,1.1,0.7,1.5,2.5,0.45,0.373,0.483,0.855,0.547,-0.2,-0.4,0.2,15.1,5.0
Luka Dončić,2018-19,DAL,SG,21.2,7.8,6.0,1.1,0.3,3.4,4.8,0.427,0.327,0.503,0.713,0.545,3.9,3.6,0.3,19.6,4.9
Anthony Davis,2018-19,NOP,C,25.9,12.0,3.9,1.6,2.4,2.0,6.1,0.517,0.331,0.547,0.794,0.597,9.4,7.1,2.3,30.3,9.5
Devin Booker,2018-19,PHO,SG,26.6,4.1,6.8,0.9,0.2,4.1,6.1,0.467,0.326,0.536,0.866,0.584,1.0,3.3,-2.3,20.2,3.5
Damian Lillard,2018-19,POR,PG,25.8,4.6,6.9,1.1,0.4,2.7,5.9,0.444,0.369,0.499,0.912,0.588,6.4,6.6,-0.3,23.7,12.1
Jimmy Butler,2018-19,2TM,SG,18.7,5.3,4.0,1.9,0.6,1.5,4.8,0.462,0.347,0.494,0.855,0.571,3.7,2.8,0.9,20.2,7.9
Kyrie Irving,2018-19,BOS,PG,23.8,5.0,6.9,1.5,0.5,2.6,3.2,0.487,0.401,0.533,0.873,0.592,7.2,6.0,1.1,24.3,9.1
Paul George,2018-19,OKC,SF,28.0,8.2,4.1,2.2,0.4,2.7,5.9,0.438,0.386,0.484,0.839,0.583,7.2,5.6,1.6,23.3,11.9
Chris Paul,2018-19,HOU,PG,15.6,4.6,8.2,2.0,0.3,2.6,3.0,0.419,0.358,0.479,0.862,0.56,3.9,2.7,1.1,19.7,6.6
Shai Gilgeous-Alexander,2018-19,LAC,PG,10.8,2.8,3.3,1.2,0.5,1.7,1.9,0.476,0.367,0.503,0.8,0.554,-0.5,-0.9,0.4,13.4,3.3
Klay Thompson,2018-19,GSW,SG,21.5,3.8,2.4,1.1,0.6,1.5,1.7,0.467,0.402,0.516,0.816,0.571,-0.3,1.1,-1.4,16.6,5.3
Bradley Beal,2018-19,WAS,SG,25.6,5.0,5.5,1.5,0.7,2.7,4.4,0.475,0.351,0.548,0.808,0.581,2.9,3.8,-0.8,20.8,7.6
DeMar DeRozan,2018-19,SAS,SG,21.2,6.0,6.2,1.1,0.5,2.6,4.8,0.481,0.156,0.492,0.83,0.542,1.1,1.0,0.1,19.6,6.3
Mike Conley,2018-19,MEM,PG,21.1,3.4,6.4,1.3,0.3,1.9,4.9,0.438,0.364,0.483,0.845,0.569,4.7,4.6,0.1,21.4,8.0
Julius Randle,2018-19,NOP,PF,21.4,8.7,3.1,0.7,0.6,2.8,4.9,0.524,0.344,0.564,0.731,0.6,1.5,2.1,-0.6,20.9,6.1
Jaylen Brown,2018-19,BOS,SG,13.0,4.2,1.4,0.9,0.4,1.3,1.8,0.465,0.344,0.529,0.658,0.547,-2.1,-1.6,-0.4,13.5,3.0
Jrue Holiday,2018-19,NOP,SG,21.2,5.0,7.7,1.6,0.8,3.1,3.1,0.472,0.325,0.539,0.768,0.555,3.0,3.1,-0.1,19.4,5.4
Bam Adebayo,2018-19,MIA,C,8.9,7.3,2.2,0.9,0.8,1.5,2.0,0.576,0.2,0.588,0.735,0.623,1.8,-0.4,2.2,17.9,6.8
Andrew Wiggins,2018-19,MIN,SF,18.1,4.8,2.5,1.0,0.7,1.9,2.8,0.412,0.339,0.441,0.699,0.493,-3.0,-1.2,-1.8,12.4,0.6
Deandre Ayton,2018-19,PHO,C,16.3,10.3,1.8,0.9,0.9,1.8,2.0,0.585,0.0,0.588,0.746,0.608,0.2,1.3,-1.1,20.5,5.8
CJ McCollum,2018-19,POR,SG,21.0,4.0,3.0,0.8,0.4,1.5,2.3,0.459,0.375,0.506,0.828,0.553,1.0,2.1,-1.0,17.0,5.6
Derrick White,2018-19,SAS,PG,9.9,3.7,3.9,1.0,0.7,1.4,1.4,0.479,0.338,0.529,0.772,0.555,0.9,-0.4,1.3,14.8,3.6
Donovan Mitchell,2018-19,UTA,SG,23.8,4.1,4.2,1.4,0.4,2.8,4.1,0.432,0.362,0.468,0.806,0.537,1.3,1.2,0.1,17.2,5.0
De'Aaron Fox,2018-19,SAC,PG,17.3,3.8,7.3,1.6,0.6,2.8,3.7,0.458,0.371,0.482,0.727,0.544,1.5,1.3,0.2,18.1,5.6
Domantas Sabonis,2018-19,IND,C,14.1,9.3,2.9,0.6,0.4,2.2,2.8,0.59,0.529,0.592,0.715,0.63,3.1,1.9,1.3,21.9,7.6
Karl-Anthony Towns,2018-19,MIN,C,24.4,12.4,3.4,0.9,1.6,3.1,4.9,0.518,0.4,0.562,0.836,0.622,6.0,5.4,0.6,26.3,10.4
Brandon Ingram,2018-19,LAL,SF,18.3,5.1,3.0,0.5,0.6,2.5,3.8,0.497,0.33,0.521,0.675,0.555,-2.0,-1.3,-0.7,13.4,2.0
Pascal Siakam,2018-19,TOR,PF,16.9,6.9,3.1,0.9,0.7,1.9,3.0,0.549,0.369,0.602,0.785,0.628,2.4,1.6,0.8,18.7,9.3
Fred VanVleet,2018-19,TOR,PG,11.0,2.6,4.8,0.9,0.3,1.3,1.5,0.41,0.378,0.441,0.843,0.539,0.5,0.4,0.1,13.7,4.3
Draymond Green,2018-19,GSW,PF,7.4,7.3,6.9,1.4,1.1,2.6,1.0,0.445,0.285,0.549,0.692,0.526,1.4,-1.3,2.7,12.9,4.3
Brook Lopez,2018-19,MIL,C,12.5,4.9,1.2,0.6,2.2,1.0,1.4,0.452,0.365,0.613,0.842,0.597,2.2,0.4,1.8,14.6,6.7
Mikal Bridges,2018-19,PHO,SF,8.3,3.2,2.1,1.6,0.5,0.9,1.2,0.43,0.335,0.548,0.805,0.556,-1.6,-2.0,0.4,10.8,2.9
Aaron Gordon,2018-19,ORL,PF,16.0,7.4,3.7,0.7,0.7,2.1,2.4,0.449,0.349,0.499,0.731,0.538,0.6,0.3,0.3,15.1,5.1
Jalen Brunson,2018-19,DAL,PG,9.3,2.3,3.2,0.5,0.1,1.2,1.2,0.467,0.348,0.523,0.725,0.549,-1.7,-1.2,-0.5,12.8,2.6
LeBron James,2019-20,LAL,PG,25.3,7.8,10.2,1.2,0.5,3.9,3.9,0.493,0.348,0.564,0.693,0.577,8.4,6.6,1.8,25.5,9.8
Stephen Curry,2019-20,GSW,PG,20.8,5.2,6.6,1.0,0.4,3.2,5.2,0.402,0.245,0.636,1.0,0.557,3.9,4.5,-0.6,21.7,0.3
Nikola Jokić,2019-20,DEN,C,19.9,9.7,7.0,1.2,0.6,3.1,3.4,0.528,0.314,0.594,0.817,0.605,7.4,5.5,2.0,24.9,9.8
Giannis Antetokounmpo,2019-20,MIL,PF,29.5,13.6,5.6,1.0,1.0,3.7,6.3,0.553,0.304,0.631,0.633,0.613,11.5,7.4,4.1,31.9,11.1
Joel Embiid,2019-20,PHI,C,23.0,11.6,3.0,0.9,1.3,3.1,6.9,0.477,0.331,0.517,0.807,0.59,4.7,3.7,1.0,25.8,6.0
Kawhi Leonard,2019-20,LAC,SF,27.1,7.1,4.9,1.8,0.6,2.6,6.2,0.47,0.378,0.506,0.886,0.589,8.9,6.5,2.4,26.9,8.7
James Harden,2019-20,HOU,SG,34.3,6.6,7.5,1.8,0.9,4.5,10.2,0.444,0.355,0.556,0.865,0.626,9.6,8.1,1.6,29.1,13.1
Russell Westbrook,2019-20,HOU,PG,27.2,7.9,7.0,1.6,0.4,4.5,5.1,0.472,0.258,0.514,0.763,0.536,1.5,1.6,-0.1,21.0,4.2
Jayson Tatum,2019-20,BOS,PF,23.4,7.0,3.0,1.4,0.9,2.3,3.8,0.45,0.403,0.48,0.812,0.567,4.0,3.5,0.6,20.4,6.9
Luka Dončić,2019-20,DAL,PG,28.8,9.4,8.8,1.0,0.2,4.3,7.0,0.463,0.316,0.574,0.758,0.585,8.4,7.4,1.0,27.6,8.8
Anthony Davis,2019-20,LAL,PF,26.1,9.3,3.2,1.5,2.3,2.5,7.2,0.503,0.33,0.546,0.846,0.61,8.0,5.4,2.6,27.4,11.1
Devin Booker,2019-20,PHO,SG,26.6,4.2,6.5,0.7,0.3,3.8,6.7,0.489,0.354,0.549,0.919,0.618,2.2,3.4,-1.3,20.6,7.5
Damian Lillard,2019-20,POR,PG,30.0,4.3,8.0,1.1,0.3,2.9,7.0,0.463,0.401,0.524,0.888,0.627,7.5,8.3,-0.9,26.9,11.6
Jimmy Butler,2019-20,MIA,SF,19.9,6.7,6.0,1.8,0.6,2.2,7.6,0.455,0.244,0.495,0.834,0.585,5.4,4.0,1.5,23.6,9.0
Kyrie Irving,2019-20,BRK,PG,27.4,5.2,6.4,1.4,0.5,2.6,4.7,0.478,0.394,0.522,0.922,0.595,7.7,6.7,0.9,26.2,2.9
Paul George,2019-20,LAC,SF,21.5,5.7,3.9,1.4,0.4,2.6,4.0,0.439,0.412,0.464,0.876,0.589,4.9,3.8,1.1,21.1,4.8
Chris Paul,2019-20,OKC,PG,17.6,5.0,6.7,1.6,0.2,2.3,3.6,0.489,0.365,0.554,0.907,0.61,4.4,3.0,1.4,21.7,8.9
Shai Gilgeous-Alexander,2019-20,OKC,SG,19.0,5.9,3.3,1.1,0.7,1.9,4.1,0.471,0.347,0.512,0.807,0.568,1.7,1.3,0.4,17.7,6.1
Ja Morant,2019-20,MEM,PG,17.8,3.9,7.3,0.9,0.3,3.3,3.6,0.477,0.335,0.511,0.776,0.556,0.3,1.4,-1.2,17.4,3.8
Zion Williamson,2019-20,NOP,PF,22.5,6.3,2.1,0.7,0.4,2.5,4.8,0.583,0.429,0.59,0.64,0.616,2.1,3.5,-1.4,24.1,2.0
Bradley Beal,2019-20,WAS,SG,30.5,4.2,6.1,1.2,0.4,3.4,6.8,0.455,0.353,0.515,0.842,0.579,2.9,5.3,-2.4,23.2,5.1
DeMar DeRozan,2019-20,SAS,SF,22.1,5.5,5.6,1.0,0.3,2.4,5.6,0.531,0.257,0.54,0.845,0.603,1.9,2.3,-0.4,21.6,7.3
Mike Conley,2019-20,UTA,PG,14.4,3.2,4.4,0.8,0.1,2.0,2.4,0.409,0.375,0.437,0.827,0.537,0.3,0.7,-0.4,14.1,2.5
Julius Randle,2019-20,NYK,PF,19.5,9.7,3.1,0.8,0.3,3.0,4.0,0.46,0.277,0.515,0.733,0.538,-0.3,0.7,-1.0,17.5,2.7
Jaylen Brown,2019-20,BOS,SG,20.3,6.4,2.1,1.1,0.4,2.2,3.1,0.481,0.382,0.543,0.724,0.583,0.8,1.0,-0.2,16.9,4.9
Jrue Holiday,2019-20,NOP,SG,19.1,4.8,6.7,1.6,0.8,3.0,2.1,0.455,0.353,0.509,0.709,0.537,1.8,1.6,0.2,17.0,3.9
Bam Adebayo,2019-20,MIA,PF,15.9,10.2,5.1,1.1,1.3,2.8,3.7,0.557,0.143,0.564,0.691,0.598,3.4,1.4,2.0,20.3,8.5
Andrew Wiggins,2019-20,2TM,SF,21.8,5.1,3.7,0.8,1.0,2.4,3.5,0.447,0.332,0.506,0.709,0.536,-0.3,1.1,-1.4,16.4,1.9
Kristaps Porzingis,2019-20,DAL,C,20.4,9.5,1.8,0.7,2.0,1.6,4.0,0.427,0.352,0.484,0.799,0.551,1.9,1.8,0.1,20.2,5.2
Deandre Ayton,2019-20,PHO,C,18.2,11.5,1.9,0.7,1.5,2.1,1.8,0.546,0.231,0.553,0.753,0.568,0.4,0.8,-0.4,20.0,3.1
CJ McCollum,2019-20,POR,SG,22.2,4.2,4.4,0.8,0.6,1.8,2.0,0.451,0.379,0.494,0.757,0.541,0.5,2.3,-1.8,17.0,4.1
Michael Porter Jr.,2019-20,DEN,SF,9.3,4.7,0.8,0.5,0.5,0.9,1.1,0.509,0.422,0.564,0.833,0.617,1.5,2.4,-0.8,19.8,2.9
RJ Barrett,2019-20,NYK,SG,14.3,5.0,2.6,1.0,0.3,2.2,2.8,0.402,0.32,0.432,0.614,0.479,-4.3,-2.9,-1.5,10.7,-0.5
Derrick White,2019-20,SAS,SG,11.3,3.3,3.5,0.6,0.9,1.3,2.6,0.458,0.366,0.518,0.853,0.593,1.3,1.2,0.1,16.4,4.2
Donovan Mitchell,2019-20,UTA,SG,24.0,4.4,4.3,1.0,0.2,2.7,4.0,0.449,0.366,0.494,0.863,0.558,1.9,2.4,-0.6,18.8,5.4
De'Aaron Fox,2019-20,SAC,PG,21.1,3.8,6.8,1.5,0.5,3.1,4.7,0.48,0.292,0.535,0.705,0.558,1.8,2.3,-0.5,20.6,4.0
Domantas Sabonis,2019-20,IND,PF,18.5,12.4,5.0,0.8,0.5,2.7,3.5,0.54,0.254,0.565,0.723,0.586,3.2,2.0,1.2,20.7,7.5
Karl-Anthony Towns,2019-20,MIN,C,26.5,10.8,4.4,0.9,1.2,3.1,5.1,0.508,0.412,0.586,0.796,0.642,7.8,7.0,0.8,26.5,5.1
Brandon Ingram,2019-20,NOP,PF,23.8,6.1,4.2,1.0,0.6,3.0,5.0,0.463,0.391,0.501,0.851,0.587,2.1,2.5,-0.4,18.8,5.1
Pascal Siakam,2019-20,TOR,PF,22.9,7.3,3.5,1.0,0.9,2.5,4.0,0.453,0.359,0.499,0.792,0.554,1.8,1.3,0.5,17.9,5.4
Fred VanVleet,2019-20,TOR,SG,17.6,3.8,6.6,1.9,0.3,2.2,3.1,0.413,0.39,0.434,0.848,0.553,2.7,1.3,1.4,16.3,5.8
Draymond Green,2019-20,GSW,PF,8.0,6.2,6.2,1.4,0.8,2.3,1.5,0.389,0.279,0.465,0.759,0.489,-0.2,-2.1,1.9,12.5,1.1
Brook Lopez,2019-20,MIL,C,12.0,4.6,1.5,0.7,2.4,1.0,1.9,0.435,0.314,0.549,0.836,0.551,2.0,-0.4,2.5,15.0,5.5
Mikal Bridges,2019-20,PHO,SF,9.1,4.0,1.8,1.4,0.6,1.0,1.4,0.51,0.361,0.61,0.844,0.62,0.8,-0.6,1.5,12.9,4.8
Aaron Gordon,2019-20,ORL,PF,14.4,7.7,3.7,0.8,0.6,1.6,2.4,0.437,0.308,0.494,0.674,0.516,0.0,-0.1,0.1,15.1,3.7
Darius Garland,2019-20,CLE,SG,12.3,1.9,3.9,0.7,0.1,2.6,1.1,0.401,0.355,0.434,0.875,0.498,-5.5,-2.7,-2.8,8.5,-1.3
Jalen Brunson,2019-20,DAL,PG,8.2,2.4,3.3,0.4,0.1,1.2,1.1,0.466,0.358,0.515,0.813,0.553,-0.9,0.1,-1.0,14.9,2.1
LeBron James,2020-21,LAL,PG,25.0,7.7,7.8,1.1,0.6,3.7,4.0,0.513,0.365,0.591,0.698,0.602,8.1,5.9,2.3,24.2,5.6
Kevin Durant,2020-21,BRK,PF,26.9,7.1,5.6,0.7,1.3,3.4,6.0,0.537,0.45,0.577,0.882,0.666,7.2,6.4,0.8,26.4,5.0
Stephen Curry,2020-21,GSW,PG,32.0,5.5,5.8,1.2,0.1,3.4,5.7,0.482,0.421,0.569,0.916,0.655,8.7,8.3,0.4,26.3,9.0
Nikola Jokić,2020-21,DEN,C,26.4,10.8,8.3,1.3,0.7,3.1,4.8,0.566,0.388,0.606,0.868,0.647,12.1,9.1,3.0,31.3,15.6
Giannis Antetokounmpo,2020-21,MIL,PF,28.1,11.0,5.9,1.2,1.2,3.4,6.5,0.569,0.303,0.636,0.685,0.633,9.0,6.2,2.8,29.2,10.2
Joel Embiid,2020-21,PHI,C,28.5,10.6,2.8,1.0,1.4,3.1,9.2,0.513,0.377,0.541,0.859,0.636,7.5,6.3,1.2,30.3,8.8
Kawhi Leonard,2020-21,LAC,SF,24.8,6.5,5.2,1.6,0.4,2.0,5.0,0.512,0.398,0.557,0.885,0.622,7.3,6.0,1.3,26.0,8.8
James Harden,2020-21,2TM,PG,24.6,7.9,10.8,1.2,0.8,4.0,6.3,0.466,0.362,0.553,0.861,0.618,7.2,6.2,1.0,24.5,7.0
Russell Westbrook,2020-21,WAS,PG,22.2,11.5,11.7,1.4,0.4,4.8,4.2,0.439,0.315,0.475,0.656,0.509,3.7,2.6,1.1,19.5,3.7
Jayson Tatum,2020-21,BOS,SF,26.4,7.4,4.3,1.2,0.5,2.7,4.6,0.459,0.386,0.502,0.868,0.576,3.9,4.2,-0.3,21.3,6.5
Luka Dončić,2020-21,DAL,PG,27.7,8.0,8.6,1.0,0.5,4.3,5.2,0.479,0.35,0.567,0.73,0.587,6.8,6.1,0.7,25.3,7.7
Anthony Davis,2020-21,LAL,PF,21.8,7.9,3.1,1.3,1.6,2.1,4.4,0.491,0.26,0.536,0.738,0.556,4.8,2.6,2.2,22.1,3.7
Devin Booker,2020-21,PHO,SG,25.6,4.2,4.3,0.8,0.2,3.1,5.1,0.484,0.34,0.543,0.867,0.587,0.3,1.7,-1.4,19.2,4.9
Damian Lillard,2020-21,POR,PG,28.8,4.2,7.5,0.9,0.3,3.0,6.7,0.451,0.391,0.519,0.928,0.623,6.3,7.5,-1.3,25.6,10.4
Jimmy Butler,2020-21,MIA,SF,21.5,6.9,7.1,2.1,0.3,2.1,6.9,0.497,0.245,0.538,0.863,0.607,7.7,5.4,2.3,26.5,9.3
Kyrie Irving,2020-21,BRK,PG,26.9,4.8,6.0,1.4,0.7,2.4,3.7,0.506,0.402,0.561,0.922,0.614,5.5,5.7,-0.2,24.4,7.4
Paul George,2020-21,LAC,SF,23.3,6.6,5.2,1.1,0.4,3.3,3.7,0.467,0.411,0.51,0.868,0.598,4.2,3.9,0.3,20.5,5.3
Chris Paul,2020-21,PHO,PG,16.4,4.5,8.9,1.4,0.3,2.2,2.4,0.499,0.395,0.543,0.934,0.599,4.6,3.5,1.1,21.4,9.2
Shai Gilgeous-Alexander,2020-21,OKC,SG,23.7,4.7,5.9,0.8,0.7,3.0,5.3,0.508,0.418,0.547,0.808,0.623,4.1,3.9,0.2,21.6,3.5
Ja Morant,2020-21,MEM,PG,19.1,4.0,7.4,0.9,0.2,3.2,4.3,0.449,0.303,0.499,0.728,0.537,-0.4,1.3,-1.6,16.7,3.2
Zion Williamson,2020-21,NOP,PF,27.0,7.2,3.7,0.9,0.6,2.7,6.0,0.611,0.294,0.622,0.698,0.649,5.8,6.1,-0.3,27.1,8.7
LaMelo Ball,2020-21,CHO,PG,15.7,5.9,6.1,1.6,0.4,2.8,2.5,0.436,0.352,0.489,0.758,0.539,1.8,1.1,0.7,17.5,2.8
Anthony Edwards,2020-21,MIN,SG,19.3,4.7,2.9,1.1,0.5,2.2,2.9,0.417,0.329,0.483,0.776,0.523,-2.1,-0.4,-1.7,13.9,0.8
Tyrese Haliburton,2020-21,SAC,PG,13.0,3.0,5.3,1.3,0.5,1.6,0.8,0.472,0.409,0.529,0.857,0.585,1.4,1.9,-0.5,16.2,3.5
Bradley Beal,2020-21,WAS,SG,31.3,4.7,4.4,1.2,0.4,3.1,6.8,0.485,0.349,0.535,0.889,0.593,3.4,4.8,-1.4,22.7,5.9
DeMar DeRozan,2020-21,SAS,PF,21.6,4.2,6.9,0.9,0.2,2.0,6.3,0.495,0.257,0.515,0.88,0.591,3.1,3.2,-0.1,22.0,7.4
Mike Conley,2020-21,UTA,PG,16.2,3.5,6.0,1.4,0.2,1.9,2.4,0.444,0.412,0.479,0.852,0.589,4.9,3.6,1.3,19.2,6.1
Julius Randle,2020-21,NYK,PF,24.1,10.2,6.0,0.9,0.3,3.4,4.9,0.456,0.411,0.474,0.811,0.567,3.8,2.9,0.9,19.7,7.8
Jaylen Brown,2020-21,BOS,SG,24.7,6.0,3.4,1.2,0.6,2.7,3.3,0.484,0.397,0.536,0.764,0.586,2.5,3.2,-0.7,19.9,4.8
Jrue Holiday,2020-21,MIL,PG,17.7,4.5,6.1,1.6,0.6,2.2,1.8,0.503,0.392,0.561,0.787,0.592,3.4,2.8,0.6,20.0,6.6
Bam Adebayo,2020-21,MIA,C,18.7,9.0,5.4,1.2,1.0,2.6,4.4,0.57,0.25,0.573,0.799,0.626,4.9,2.9,2.0,22.7,8.8
Andrew Wiggins,2020-21,GSW,PF,18.6,4.9,2.4,0.9,1.0,1.8,2.4,0.477,0.38,0.529,0.714,0.568,-0.4,0.0,-0.4,15.0,3.9
Kristaps Porzingis,2020-21,DAL,C,20.1,8.9,1.6,0.5,1.3,1.2,2.7,0.476,0.376,0.536,0.855,0.582,2.2,3.0,-0.8,21.3,4.3
Deandre Ayton,2020-21,PHO,C,14.4,10.5,1.4,0.6,1.2,1.5,1.9,0.626,0.2,0.639,0.769,0.653,1.2,1.1,0.1,20.3,8.4
CJ McCollum,2020-21,POR,SG,23.1,3.9,4.7,0.9,0.4,1.4,2.3,0.458,0.402,0.509,0.812,0.577,3.9,5.0,-1.1,20.8,4.7
Michael Porter Jr.,2020-21,DEN,SF,19.0,7.3,1.1,0.7,0.9,1.3,1.7,0.542,0.445,0.628,0.791,0.663,3.1,4.0,-0.9,20.6,6.9
Desmond Bane,2020-21,MEM,SG,9.2,3.1,1.7,0.6,0.2,0.9,0.6,0.469,0.432,0.513,0.816,0.6,-0.8,-0.6,-0.2,12.2,2.9
RJ Barrett,2020-21,NYK,SG,17.6,5.8,3.0,0.7,0.3,1.9,2.9,0.441,0.401,0.457,0.746,0.535,-1.2,-0.9,-0.3,13.4,4.1
Derrick White,2020-21,SAS,SG,15.4,3.0,3.5,0.7,1.0,1.3,2.7,0.411,0.346,0.486,0.851,0.55,1.3,1.3,0.0,15.0,1.9
Donovan Mitchell,2020-21,UTA,PG,26.4,4.4,5.2,1.0,0.3,2.8,5.0,0.438,0.386,0.476,0.845,0.569,4.3,4.6,-0.2,21.3,6.2
De'Aaron Fox,2020-21,SAC,PG,25.2,3.5,7.2,1.5,0.5,3.0,5.2,0.477,0.322,0.539,0.719,0.565,1.8,3.1,-1.3,20.7,4.2
Domantas Sabonis,2020-21,IND,PF,20.3,12.0,6.7,1.2,0.5,3.4,3.9,0.535,0.321,0.582,0.732,0.601,3.8,2.3,1.6,20.6,6.9
Karl-Anthony Towns,2020-21,MIN,C,24.8,10.6,4.5,0.8,1.1,3.2,5.3,0.486,0.387,0.541,0.859,0.612,4.5,4.3,0.2,23.1,5.4
Brandon Ingram,2020-21,NOP,SF,23.8,4.9,4.9,0.7,0.6,2.5,4.6,0.466,0.381,0.51,0.878,0.584,2.2,3.3,-1.1,19.2,5.3
Pascal Siakam,2020-21,TOR,PF,21.4,7.2,4.5,1.1,0.7,2.3,4.4,0.455,0.297,0.509,0.827,0.547,0.8,1.0,-0.3,17.7,4.2
Fred VanVleet,2020-21,TOR,SG,19.6,4.2,6.3,1.7,0.7,1.8,3.3,0.389,0.366,0.416,0.885,0.534,2.5,2.2,0.2,16.8,4.3
Draymond Green,2020-21,GSW,PF,7.0,7.1,8.9,1.7,0.8,3.0,1.1,0.447,0.27,0.535,0.795,0.53,1.7,-1.6,3.3,13.3,4.6
Brook Lopez,2020-21,MIL,C,12.3,5.0,0.7,0.6,1.5,0.9,1.7,0.503,0.338,0.632,0.845,0.611,0.0,0.0,0.0,15.4,5.3
Mikal Bridges,2020-21,PHO,SF,13.5,4.3,2.1,1.1,0.9,0.8,1.5,0.543,0.425,0.647,0.84,0.667,3.3,2.4,0.9,16.4,8.0
Aaron Gordon,2020-21,2TM,PF,12.4,5.7,3.2,0.7,0.7,1.9,1.9,0.463,0.335,0.533,0.651,0.547,0.1,0.2,-0.1,14.5,1.9
Tyrese Maxey,2020-21,PHI,SG,8.0,1.7,2.0,0.4,0.2,0.7,1.0,0.462,0.301,0.512,0.871,0.531,-1.5,-1.0,-0.5,14.5,1.9
Darius Garland,2020-21,CLE,PG,17.4,2.4,6.1,1.2,0.1,3.0,2.1,0.451,0.395,0.479,0.848,0.547,-2.1,0.0,-2.1,14.2,1.2
Jalen Brunson,2020-21,DAL,PG,12.6,3.4,3.5,0.5,0.0,1.2,1.8,0.523,0.405,0.578,0.795,0.618,0.9,1.5,-0.6,17.1,5.1
Immanuel Quickley,2020-21,NYK,PG,11.4,2.1,2.0,0.5,0.2,0.9,2.4,0.395,0.389,0.401,0.891,0.557,0.9,1.4,-0.5,15.8,3.2
LeBron James,2021-22,LAL,C,30.3,8.2,6.2,1.3,1.1,3.5,4.5,0.524,0.359,0.62,0.756,0.619,7.7,6.9,0.8,26.2,7.5
Kevin Durant,2021-22,BRK,PF,29.9,7.4,6.4,0.9,0.9,3.5,6.8,0.518,0.383,0.568,0.91,0.634,7.2,6.4,0.7,25.6,8.4
Stephen Curry,2021-22,GSW,PG,25.5,5.2,6.3,1.3,0.4,3.2,4.3,0.437,0.38,0.527,0.923,0.601,5.8,5.4,0.4,21.4,8.0
Nikola Jokić,2021-22,DEN,C,27.1,13.8,7.9,1.5,0.9,3.8,5.1,0.583,0.337,0.652,0.81,0.661,13.7,9.2,4.5,32.8,15.2
Giannis Antetokounmpo,2021-22,MIL,PF,29.9,11.6,5.8,1.1,1.4,3.3,8.3,0.553,0.293,0.616,0.722,0.633,11.2,7.6,3.5,32.1,12.9
Joel Embiid,2021-22,PHI,C,30.6,11.7,4.2,1.1,1.5,3.1,9.6,0.499,0.371,0.529,0.814,0.616,9.2,7.2,2.0,31.2,12.0
James Harden,2021-22,2TM,PG,22.0,7.7,10.3,1.3,0.6,4.4,7.2,0.41,0.33,0.476,0.877,0.583,4.0,3.7,0.3,20.9,7.6
Russell Westbrook,2021-22,LAL,PG,18.5,7.4,7.1,1.0,0.3,3.8,3.4,0.444,0.298,0.485,0.667,0.512,-1.6,-0.7,-0.9,15.0,1.7
Jayson Tatum,2021-22,BOS,SF,26.9,8.0,4.4,1.0,0.6,2.9,5.3,0.453,0.353,0.524,0.853,0.578,5.0,4.3,0.6,21.8,9.6
Luka Dončić,2021-22,DAL,PG,28.4,9.1,8.7,1.2,0.6,4.5,5.6,0.457,0.353,0.528,0.744,0.571,8.2,6.4,1.8,25.1,7.6
Anthony Davis,2021-22,LAL,C,23.2,9.9,3.1,1.2,2.3,2.1,4.4,0.532,0.186,0.571,0.713,0.578,3.8,2.6,1.2,23.9,4.5
Devin Booker,2021-22,PHO,SG,26.8,5.0,4.8,1.1,0.4,2.4,4.6,0.466,0.383,0.508,0.868,0.576,4.1,3.9,0.2,21.3,7.6
Damian Lillard,2021-22,POR,PG,24.0,4.1,7.3,0.6,0.4,2.9,5.5,0.402,0.324,0.485,0.878,0.55,1.3,4.0,-2.7,18.5,1.7
Jimmy Butler,2021-22,MIA,SF,21.4,5.9,5.5,1.6,0.5,2.1,6.9,0.48,0.233,0.52,0.87,0.592,6.3,4.5,1.9,23.6,9.2
Kyrie Irving,2021-22,BRK,PG,27.4,4.4,5.8,1.4,0.6,2.5,4.1,0.469,0.418,0.501,0.915,0.592,3.0,4.2,-1.2,21.4,3.3
Paul George,2021-22,LAC,PF,24.3,6.9,5.7,2.2,0.4,4.1,4.1,0.421,0.354,0.467,0.858,0.538,3.7,1.8,1.9,18.6,1.3
Chris Paul,2021-22,PHO,PG,14.7,4.4,10.8,1.9,0.3,2.4,2.6,0.493,0.317,0.559,0.837,0.581,5.4,3.1,2.3,20.8,9.4
Shai Gilgeous-Alexander,2021-22,OKC,PG,24.5,5.0,5.9,1.3,0.8,2.8,5.9,0.453,0.3,0.514,0.81,0.557,3.4,2.9,0.5,20.9,4.6
Ja Morant,2021-22,MEM,PG,27.4,5.7,6.7,1.2,0.4,3.4,5.5,0.493,0.344,0.534,0.761,0.575,6.1,6.2,-0.1,24.4,6.7
LaMelo Ball,2021-22,CHO,PG,20.1,6.7,7.6,1.6,0.4,3.3,2.8,0.429,0.389,0.462,0.872,0.554,3.4,3.3,0.1,19.7,5.8
Anthony Edwards,2021-22,MIN,SG,21.3,4.8,3.8,1.5,0.6,2.6,3.1,0.441,0.357,0.519,0.786,0.56,1.2,1.6,-0.4,16.5,4.3
Tyrese Haliburton,2021-22,2TM,PG,15.3,4.0,8.2,1.7,0.6,2.6,2.1,0.473,0.414,0.517,0.842,0.595,2.6,2.7,-0.1,18.2,7.0
Cade Cunningham,2021-22,DET,SG,17.4,5.5,5.6,1.2,0.7,3.7,2.2,0.416,0.314,0.472,0.845,0.504,-1.6,-1.1,-0.5,13.1,-0.5
Jalen Green,2021-22,HOU,SG,17.3,3.4,2.6,0.7,0.3,2.0,2.8,0.426,0.343,0.502,0.797,0.547,-2.9,-0.5,-2.4,12.5,0.7
Scottie Barnes,2021-22,TOR,PF,15.3,7.5,3.5,1.1,0.7,1.8,2.1,0.492,0.301,0.543,0.735,0.552,0.9,0.5,0.4,16.3,6.6
Klay Thompson,2021-22,GSW,SG,20.4,3.9,2.8,0.5,0.5,1.3,1.4,0.429,0.385,0.477,0.902,0.547,1.1,2.6,-1.6,16.7,1.8
Bradley Beal,2021-22,WAS,SG,23.2,4.7,6.6,0.9,0.4,3.4,4.2,0.451,0.3,0.508,0.833,0.539,0.8,2.0,-1.2,17.5,1.4
DeMar DeRozan,2021-22,CHI,PF,27.9,5.2,4.9,0.9,0.3,2.4,6.8,0.504,0.352,0.52,0.877,0.59,2.5,3.4,-0.9,23.1,8.8
Mike Conley,2021-22,UTA,PG,13.7,3.0,5.3,1.3,0.3,1.7,1.8,0.435,0.408,0.464,0.796,0.572,3.1,2.4,0.7,17.2,6.7
Julius Randle,2021-22,NYK,PF,20.1,9.9,5.1,0.7,0.5,3.4,4.2,0.411,0.308,0.458,0.756,0.509,0.5,0.4,0.2,15.7,3.1
Jaylen Brown,2021-22,BOS,SF,23.6,6.1,3.5,1.1,0.3,2.7,3.7,0.473,0.358,0.544,0.758,0.574,2.1,1.9,0.1,18.9,5.8
Jrue Holiday,2021-22,MIL,PG,18.3,4.5,6.8,1.6,0.4,2.7,2.0,0.501,0.411,0.547,0.761,0.593,3.2,2.9,0.3,19.8,6.9
Bam Adebayo,2021-22,MIA,C,19.1,10.1,3.4,1.4,0.8,2.6,4.6,0.557,0.0,0.562,0.753,0.608,3.8,1.7,2.1,21.8,7.2
Andrew Wiggins,2021-22,GSW,SF,17.2,4.5,2.2,1.0,0.7,1.5,2.0,0.466,0.393,0.513,0.634,0.56,0.4,0.3,0.1,15.0,5.1
Kristaps Porzingis,2021-22,2TM,PF,20.2,8.1,2.3,0.7,1.6,1.6,4.9,0.459,0.31,0.532,0.867,0.577,3.9,3.3,0.6,23.7,5.6
Deandre Ayton,2021-22,PHO,C,17.2,10.2,1.4,0.7,0.7,1.6,1.8,0.634,0.368,0.642,0.746,0.656,2.8,2.2,0.6,21.9,7.3
CJ McCollum,2021-22,2TM,PG,22.1,4.3,5.1,1.1,0.4,2.0,1.9,0.46,0.388,0.509,0.682,0.553,1.9,3.2,-1.3,18.3,3.6
Michael Porter Jr.,2021-22,DEN,SF,9.9,6.6,1.9,1.1,0.2,1.3,0.6,0.359,0.208,0.491,0.556,0.416,-3.5,-3.9,0.5,7.5,-0.2
Desmond Bane,2021-22,MEM,SG,18.2,4.4,2.7,1.2,0.4,1.5,1.8,0.461,0.436,0.484,0.903,0.592,2.7,2.5,0.3,17.6,7.2
RJ Barrett,2021-22,NYK,SF,20.0,5.8,3.0,0.6,0.2,2.2,4.1,0.408,0.342,0.442,0.714,0.511,-1.6,-0.3,-1.3,13.7,2.3
Austin Reaves,2021-22,LAL,SG,7.3,3.2,1.8,0.5,0.3,0.7,1.6,0.459,0.317,0.616,0.839,0.6,-1.9,-1.3,-0.6,11.5,2.9
Derrick White,2021-22,2TM,SG,13.2,3.5,4.9,0.9,0.8,1.6,2.7,0.421,0.312,0.515,0.864,0.549,0.9,0.4,0.6,14.8,5.1
Donovan Mitchell,2021-22,UTA,SG,25.9,4.2,5.3,1.5,0.2,3.0,4.0,0.448,0.355,0.533,0.853,0.572,4.3,4.6,-0.3,21.6,7.2
De'Aaron Fox,2021-22,SAC,PG,23.2,3.9,5.6,1.2,0.4,2.8,4.4,0.473,0.297,0.524,0.75,0.549,-0.6,0.6,-1.2,17.4,2.5
Domantas Sabonis,2021-22,2TM,PF,18.9,12.1,5.2,1.0,0.4,3.1,4.0,0.573,0.312,0.623,0.741,0.637,4.1,3.2,0.9,21.9,7.1
Karl-Anthony Towns,2021-22,MIN,C,24.6,9.8,3.6,1.0,1.1,3.1,5.2,0.529,0.41,0.58,0.822,0.64,5.0,4.5,0.5,24.1,10.3
Brandon Ingram,2021-22,NOP,SF,22.7,5.8,5.6,0.6,0.5,2.7,4.8,0.461,0.327,0.501,0.826,0.554,2.0,2.6,-0.6,18.7,3.9
Pascal Siakam,2021-22,TOR,PF,22.8,8.5,5.3,1.3,0.6,2.7,4.2,0.494,0.344,0.527,0.749,0.565,3.5,2.7,0.8,20.3,8.1
Fred VanVleet,2021-22,TOR,PG,20.3,4.4,6.7,1.7,0.5,2.6,3.0,0.403,0.377,0.44,0.874,0.552,3.6,3.1,0.5,17.3,6.7
Draymond Green,2021-22,GSW,PF,7.5,7.3,7.0,1.3,1.1,3.0,1.3,0.525,0.296,0.586,0.659,0.582,3.2,-1.4,4.6,14.3,3.6
Brook Lopez,2021-22,MIL,C,12.4,4.1,0.5,0.6,1.2,0.9,1.5,0.466,0.358,0.538,0.87,0.57,-1.3,-0.7,-0.7,16.0,0.7
Mikal Bridges,2021-22,PHO,SF,14.2,4.2,2.3,1.2,0.4,0.8,1.6,0.534,0.369,0.628,0.834,0.627,1.6,0.5,1.1,14.4,8.9
Aaron Gordon,2021-22,DEN,PF,15.0,5.9,2.5,0.6,0.6,1.8,2.3,0.52,0.335,0.605,0.743,0.602,-0.6,0.5,-1.1,15.3,5.2
Tyrese Maxey,2021-22,PHI,PG,17.5,3.2,4.3,0.7,0.4,1.2,2.8,0.485,0.427,0.512,0.866,0.594,0.6,1.3,-0.7,16.2,7.3
Darius Garland,2021-22,CLE,PG,21.7,3.3,8.6,1.3,0.1,3.6,3.2,0.462,0.383,0.512,0.892,0.576,2.6,3.4,-0.8,19.0,6.3
Jalen Brunson,2021-22,DAL,SG,16.3,3.9,4.8,0.8,0.0,1.6,2.3,0.502,0.373,0.545,0.84,0.583,0.9,0.9,0.0,17.1,7.5
Franz Wagner,2021-22,ORL,SF,15.2,4.5,2.9,0.9,0.4,1.5,2.4,0.468,0.354,0.511,0.863,0.559,-0.7,-0.4,-0.3,14.7,4.0
Alperen Sengun,2021-22,HOU,C,9.6,5.5,2.6,0.8,0.9,2.0,2.3,0.474,0.248,0.539,0.711,0.552,-1.0,-1.6,0.6,16.0,2.1
Josh Giddey,2021-22,OKC,SF,12.5,7.8,6.4,0.9,0.4,3.2,1.0,0.419,0.263,0.492,0.709,0.478,-0.9,-1.2,0.3,13.3,0.4
Immanuel Quickley,2021-22,NYK,PG,11.3,3.2,3.5,0.7,0.0,1.3,2.3,0.392,0.346,0.448,0.881,0.543,0.2,0.2,0.0,14.6,4.2
Cam Thomas,2021-22,BRK,SG,8.5,2.4,1.2,0.5,0.1,0.8,1.3,0.433,0.27,0.52,0.829,0.519,-3.4,-2.0,-1.4,11.7,0.8
LeBron James,2022-23,LAL,PF,28.9,8.3,6.8,0.9,0.6,3.2,4.6,0.5,0.321,0.58,0.768,0.583,6.1,5.5,0.6,23.9,5.6
Kevin Durant,2022-23,2TM,PF,29.1,6.7,5.0,0.7,1.4,3.3,6.5,0.56,0.404,0.617,0.919,0.677,7.1,6.0,1.2,25.9,6.8
Stephen Curry,2022-23,GSW,PG,29.4,6.1,6.3,0.9,0.4,3.2,4.6,0.493,0.427,0.579,0.915,0.656,7.5,7.5,0.1,24.1,7.8
Nikola Jokić,2022-23,DEN,C,24.5,11.8,9.8,1.3,0.7,3.6,4.9,0.632,0.383,0.675,0.822,0.701,13.0,8.5,4.5,31.5,14.9
Giannis Antetokounmpo,2022-23,MIL,PF,31.1,11.8,5.7,0.8,0.8,3.9,7.9,0.553,0.275,0.596,0.645,0.605,8.5,5.8,2.7,29.0,8.6
Joel Embiid,2022-23,PHI,C,33.1,10.2,4.2,1.0,1.7,3.4,10.0,0.548,0.33,0.587,0.857,0.655,9.2,6.8,2.3,31.4,12.3
Kawhi Leonard,2022-23,LAC,SF,23.8,6.5,3.9,1.4,0.5,1.7,4.7,0.512,0.416,0.551,0.871,0.623,6.1,5.1,0.9,23.9,7.1
James Harden,2022-23,PHI,PG,21.0,6.1,10.7,1.2,0.5,3.4,5.4,0.441,0.385,0.495,0.867,0.607,5.4,5.1,0.3,21.6,8.4
Russell Westbrook,2022-23,2TM,PG,15.9,5.8,7.5,1.0,0.5,3.5,2.8,0.436,0.311,0.487,0.656,0.513,0.2,0.3,-0.1,16.1,1.9
Jayson Tatum,2022-23,BOS,SF,30.1,8.8,4.6,1.1,0.7,2.9,7.2,0.466,0.35,0.558,0.854,0.607,5.5,4.8,0.7,23.7,10.5
Luka Dončić,2022-23,DAL,PG,32.4,8.6,8.0,1.4,0.5,3.6,7.8,0.496,0.342,0.588,0.742,0.609,8.9,7.6,1.4,28.7,10.2
Anthony Davis,2022-23,LAL,C,25.9,12.5,2.6,1.1,2.0,2.2,6.2,0.563,0.257,0.589,0.784,0.627,6.3,4.6,1.7,27.8,9.0
Devin Booker,2022-23,PHO,SG,27.8,4.5,5.5,1.0,0.3,2.7,5.8,0.494,0.351,0.554,0.855,0.601,4.2,4.5,-0.3,22.0,6.0
Damian Lillard,2022-23,POR,PG,32.2,4.8,7.3,0.9,0.3,3.3,8.8,0.463,0.371,0.574,0.914,0.645,7.1,8.3,-1.2,26.7,9.0
Jimmy Butler,2022-23,MIA,PF,22.9,5.9,5.3,1.8,0.3,1.6,7.4,0.539,0.35,0.564,0.85,0.647,8.7,6.7,2.0,27.6,12.3
Kyrie Irving,2022-23,2TM,SG,27.1,5.1,5.5,1.1,0.8,2.1,4.1,0.494,0.379,0.574,0.905,0.613,4.1,4.8,-0.7,22.4,7.4
Paul George,2022-23,LAC,SF,23.8,6.1,5.1,1.5,0.4,3.1,4.6,0.457,0.371,0.521,0.871,0.588,2.8,2.4,0.3,19.6,4.6
Chris Paul,2022-23,PHO,PG,13.9,4.3,8.9,1.5,0.4,1.9,2.3,0.44,0.375,0.482,0.831,0.555,3.2,2.0,1.2,17.7,6.2
Shai Gilgeous-Alexander,2022-23,OKC,PG,31.4,4.8,5.5,1.6,1.0,2.8,9.8,0.51,0.345,0.533,0.905,0.626,7.3,5.7,1.5,27.2,11.4
Ja Morant,2022-23,MEM,PG,26.2,5.9,8.1,1.1,0.3,3.4,6.1,0.466,0.307,0.519,0.748,0.557,5.7,5.2,0.5,23.3,6.0
Zion Williamson,2022-23,NOP,PF,26.0,7.0,4.6,1.1,0.6,3.4,6.1,0.608,0.368,0.618,0.714,0.652,5.8,4.8,1.0,25.2,3.6
LaMelo Ball,2022-23,CHO,PG,23.3,6.4,8.4,1.3,0.3,3.6,2.8,0.411,0.376,0.45,0.836,0.541,2.4,3.2,-0.8,17.9,1.8
Anthony Edwards,2022-23,MIN,SG,24.6,5.8,4.4,1.6,0.7,3.3,4.0,0.459,0.369,0.513,0.756,0.564,1.0,1.0,0.0,17.4,3.8
Tyrese Haliburton,2022-23,IND,PG,20.7,3.7,10.4,1.6,0.4,2.5,3.1,0.49,0.4,0.572,0.871,0.624,7.2,7.0,0.2,23.6,7.6
Cade Cunningham,2022-23,DET,PG,19.9,6.2,6.0,0.8,0.6,3.3,3.0,0.415,0.279,0.466,0.837,0.492,-0.7,-0.1,-0.6,14.0,-0.1
Jalen Green,2022-23,HOU,SG,22.1,3.7,3.7,0.8,0.2,2.6,4.8,0.416,0.338,0.471,0.786,0.538,-2.1,0.5,-2.6,14.5,1.8
Scottie Barnes,2022-23,TOR,SF,15.3,6.6,4.8,1.1,0.8,2.0,2.5,0.456,0.281,0.505,0.772,0.524,0.4,0.5,-0.1,15.5,5.0
Klay Thompson,2022-23,GSW,SF,21.9,4.1,2.4,0.7,0.4,1.8,1.7,0.436,0.412,0.47,0.879,0.576,-0.3,1.5,-1.7,14.7,3.1
Bradley Beal,2022-23,WAS,SG,23.2,3.9,5.4,0.9,0.7,2.9,3.8,0.506,0.365,0.552,0.842,0.593,1.8,2.9,-1.2,19.7,3.4
DeMar DeRozan,2022-23,CHI,SF,24.5,4.6,5.1,1.1,0.5,2.1,6.2,0.504,0.324,0.526,0.872,0.592,2.0,1.7,0.3,20.6,8.5
Mike Conley,2022-23,2TM,PG,11.9,2.7,6.7,1.1,0.2,1.5,2.1,0.428,0.385,0.486,0.834,0.583,0.9,1.0,-0.1,14.7,5.5
Julius Randle,2022-23,NYK,PF,25.1,10.0,4.1,0.6,0.3,2.8,5.2,0.459,0.343,0.553,0.757,0.581,3.7,3.9,-0.2,20.3,8.1
Jaylen Brown,2022-23,BOS,SF,26.6,6.9,3.5,1.1,0.4,2.9,3.9,0.491,0.335,0.576,0.765,0.581,1.3,1.5,-0.2,19.1,5.0
Jrue Holiday,2022-23,MIL,PG,19.3,5.1,7.4,1.2,0.4,2.9,2.3,0.479,0.384,0.542,0.859,0.586,3.1,3.0,0.1,19.2,6.7
Bam Adebayo,2022-23,MIA,C,20.4,9.2,3.2,1.2,0.8,2.5,4.3,0.54,0.083,0.545,0.806,0.592,1.5,0.8,0.8,20.1,7.4
Andrew Wiggins,2022-23,GSW,SF,17.1,5.0,2.3,1.2,0.8,1.3,1.2,0.473,0.396,0.53,0.611,0.564,-0.5,-0.1,-0.4,14.7,2.3
Kristaps Porzingis,2022-23,WAS,C,23.2,8.4,2.7,0.9,1.5,2.1,5.4,0.498,0.385,0.559,0.851,0.627,4.3,3.8,0.5,23.1,7.7
Deandre Ayton,2022-23,PHO,C,18.0,10.0,1.7,0.6,0.8,1.8,2.3,0.589,0.292,0.597,0.76,0.617,0.9,0.9,0.0,19.9,6.2
CJ McCollum,2022-23,NOP,PG,20.9,4.4,5.7,0.9,0.5,2.4,2.4,0.437,0.389,0.469,0.769,0.541,0.8,1.5,-0.7,15.6,4.3
Michael Porter Jr.,2022-23,DEN,SF,17.4,5.5,1.0,0.6,0.5,1.1,1.5,0.487,0.414,0.579,0.8,0.621,0.2,2.0,-1.8,16.8,4.3
Desmond Bane,2022-23,MEM,SG,21.5,5.0,4.4,1.0,0.4,2.2,3.1,0.479,0.408,0.534,0.883,0.606,3.5,3.3,0.1,19.1,5.8
RJ Barrett,2022-23,NYK,SG,19.6,5.0,2.8,0.4,0.2,2.2,4.0,0.434,0.31,0.495,0.74,0.531,-3.1,-1.2,-1.9,12.9,2.2
Austin Reaves,2022-23,LAL,SG,13.0,3.0,3.4,0.5,0.3,1.5,3.6,0.529,0.398,0.631,0.864,0.687,0.7,0.6,0.1,14.9,5.4
Derrick White,2022-23,BOS,SG,12.4,3.6,3.9,0.7,0.9,1.2,2.0,0.462,0.381,0.548,0.875,0.604,2.4,1.1,1.3,15.4,7.4
Donovan Mitchell,2022-23,CLE,SG,28.3,4.3,4.4,1.5,0.4,2.6,4.7,0.484,0.386,0.566,0.867,0.614,6.3,5.6,0.6,22.9,8.9
De'Aaron Fox,2022-23,SAC,PG,25.0,4.2,6.1,1.1,0.3,2.5,4.7,0.512,0.324,0.584,0.78,0.599,2.5,3.4,-0.9,21.8,7.4
Domantas Sabonis,2022-23,SAC,C,19.1,12.3,7.3,0.8,0.5,2.9,4.1,0.615,0.373,0.639,0.742,0.668,5.8,4.1,1.8,23.5,12.6
Karl-Anthony Towns,2022-23,MIN,PF,20.8,8.1,4.8,0.7,0.6,3.0,4.1,0.495,0.366,0.576,0.874,0.618,3.0,2.1,0.9,18.8,2.7
Brandon Ingram,2022-23,NOP,SF,24.7,5.5,5.8,0.7,0.4,3.3,5.3,0.484,0.39,0.507,0.882,0.582,1.7,2.2,-0.4,19.2,3.5
Pascal Siakam,2022-23,TOR,PF,24.2,7.8,5.8,0.9,0.5,2.4,5.2,0.48,0.324,0.523,0.774,0.565,3.1,3.3,-0.1,20.3,7.8
Fred VanVleet,2022-23,TOR,PG,19.3,4.1,7.2,1.8,0.6,2.0,3.7,0.393,0.342,0.455,0.898,0.54,2.5,2.0,0.5,17.0,6.5
Draymond Green,2022-23,GSW,PF,8.5,7.2,6.8,1.0,0.8,2.8,1.1,0.527,0.305,0.612,0.713,0.592,0.8,-1.8,2.6,12.2,4.7
Brook Lopez,2022-23,MIL,C,15.9,6.7,1.3,0.5,2.5,1.4,1.9,0.531,0.374,0.637,0.784,0.63,2.1,0.8,1.3,18.4,8.0
Mikal Bridges,2022-23,2TM,SG,20.1,4.4,3.3,1.1,0.7,1.5,3.8,0.468,0.382,0.514,0.895,0.587,1.7,1.5,0.2,16.8,7.5
Aaron Gordon,2022-23,DEN,PF,16.3,6.6,3.0,0.8,0.8,1.4,2.8,0.564,0.347,0.628,0.608,0.617,2.1,2.4,-0.3,19.5,6.8
Tyrese Maxey,2022-23,PHI,SG,20.3,2.9,3.5,0.8,0.1,1.3,3.0,0.481,0.434,0.513,0.845,0.605,0.6,1.9,-1.2,17.0,5.4
Darius Garland,2022-23,CLE,PG,21.6,2.7,7.8,1.2,0.1,2.9,4.0,0.462,0.41,0.492,0.863,0.587,2.4,3.2,-0.7,18.8,7.6
Jalen Brunson,2022-23,NYK,PG,24.0,3.5,6.2,0.9,0.2,2.1,4.8,0.491,0.416,0.519,0.829,0.597,3.9,4.4,-0.5,21.2,8.7
Franz Wagner,2022-23,ORL,SF,18.6,4.1,3.5,1.0,0.2,2.1,3.4,0.485,0.361,0.544,0.842,0.589,-0.1,0.4,-0.5,15.9,5.4
Alperen Sengun,2022-23,HOU,C,14.8,9.0,3.9,0.9,0.9,2.6,2.7,0.553,0.333,0.57,0.715,0.599,1.4,1.1,0.4,19.7,5.2
Josh Giddey,2022-23,OKC,PF,16.6,7.9,6.2,0.8,0.4,2.8,1.4,0.482,0.325,0.524,0.731,0.533,1.2,1.5,-0.3,17.1,4.0
Bennedict Mathurin,2022-23,IND,SG,16.7,4.1,1.5,0.6,0.2,1.9,4.8,0.434,0.323,0.488,0.828,0.566,-3.7,-1.2,-2.5,13.1,1.8
Keegan Murray,2022-23,SAC,SF,12.2,4.6,1.2,0.8,0.5,0.8,0.8,0.453,0.411,0.527,0.765,0.597,-0.6,0.4,-1.0,12.3,4.3
Immanuel Quickley,2022-23,NYK,SG,14.9,4.2,3.4,1.0,0.2,1.2,2.5,0.448,0.37,0.521,0.819,0.578,1.7,1.3,0.4,16.3,6.7
Cam Thomas,2022-23,BRK,SG,10.6,1.7,1.4,0.4,0.1,1.1,2.6,0.441,0.383,0.464,0.868,0.567,-2.7,-0.7,-2.0,14.7,1.0
LeBron James,2023-24,LAL,PF,25.7,7.3,8.3,1.3,0.5,3.5,4.3,0.54,0.41,0.592,0.75,0.63,6.5,5.5,0.9,23.7,8.5
Kevin Durant,2023-24,PHO,PF,27.1,6.6,5.0,0.9,1.2,3.3,4.8,0.523,0.413,0.567,0.856,0.626,4.0,4.0,0.1,21.2,8.3
Stephen Curry,2023-24,GSW,PG,26.4,4.5,5.1,0.7,0.4,2.8,4.0,0.45,0.408,0.515,0.923,0.616,5.2,6.3,-1.1,20.6,7.2
Nikola Jokić,2023-24,DEN,C,26.4,12.4,9.0,1.4,0.9,3.0,4.5,0.583,0.359,0.626,0.817,0.65,13.2,9.0,4.2,31.0,17.0
Giannis Antetokounmpo,2023-24,MIL,PF,30.4,11.5,6.5,1.2,1.1,3.4,7.0,0.611,0.274,0.645,0.657,0.649,9.0,6.7,2.4,29.9,13.2
Joel Embiid,2023-24,PHI,C,34.7,11.0,5.6,1.2,1.7,3.8,10.2,0.529,0.388,0.556,0.883,0.644,11.6,8.5,3.1,34.1,7.5
Kawhi Leonard,2023-24,LAC,SF,23.7,6.1,3.6,1.6,0.9,1.8,3.7,0.525,0.417,0.569,0.885,0.626,5.5,4.8,0.6,23.2,8.9
James Harden,2023-24,LAC,PG,16.6,5.1,8.5,1.1,0.8,2.6,4.2,0.428,0.381,0.497,0.878,0.612,4.1,3.8,0.3,18.6,8.4
Russell Westbrook,2023-24,LAC,PG,11.1,5.0,4.5,1.1,0.3,2.1,1.6,0.454,0.273,0.509,0.688,0.514,0.5,-0.2,0.7,16.2,2.1
Jayson Tatum,2023-24,BOS,PF,26.9,8.1,4.9,1.0,0.6,2.5,5.6,0.471,0.376,0.542,0.833,0.604,5.1,4.5,0.6,22.3,10.4
Luka Dončić,2023-24,DAL,PG,33.9,9.2,9.8,1.4,0.5,4.0,6.8,0.487,0.382,0.573,0.786,0.617,9.9,8.3,1.7,28.1,12.0
Anthony Davis,2023-24,LAL,C,24.7,12.6,3.5,1.2,2.3,2.1,5.5,0.556,0.271,0.582,0.816,0.621,5.1,3.5,1.7,25.8,11.8
Devin Booker,2023-24,PHO,PG,27.1,4.5,6.9,0.9,0.4,2.6,6.0,0.492,0.364,0.552,0.886,0.611,3.0,4.0,-1.0,21.9,9.2
Damian Lillard,2023-24,MIL,PG,24.3,4.4,7.0,1.0,0.2,2.6,6.5,0.424,0.354,0.49,0.92,0.59,2.1,3.4,-1.3,19.6,7.7
Jimmy Butler,2023-24,MIA,PF,20.8,5.3,5.0,1.3,0.3,1.7,6.6,0.499,0.414,0.519,0.858,0.626,4.6,3.9,0.7,22.0,9.1
Kyrie Irving,2023-24,DAL,SG,25.6,5.0,5.2,1.3,0.5,1.8,3.3,0.497,0.411,0.548,0.905,0.608,4.9,4.8,0.1,21.9,6.9
Paul George,2023-24,LAC,PF,22.6,5.2,3.5,1.5,0.5,2.1,3.6,0.471,0.413,0.523,0.907,0.613,3.2,2.9,0.2,19.3,7.3
Chris Paul,2023-24,GSW,PG,9.2,3.9,6.8,1.2,0.1,1.3,0.7,0.441,0.371,0.498,0.827,0.544,1.0,-0.2,1.2,14.7,4.3
Shai Gilgeous-Alexander,2023-24,OKC,PG,30.1,5.5,6.2,2.0,0.9,2.2,7.6,0.535,0.353,0.576,0.874,0.636,9.0,6.7,2.3,29.3,14.6
Ja Morant,2023-24,MEM,PG,25.1,5.6,8.1,0.8,0.6,3.0,5.8,0.471,0.275,0.555,0.813,0.57,3.1,2.7,0.4,20.6,0.8
Zion Williamson,2023-24,NOP,PF,22.9,5.8,5.0,1.1,0.7,2.8,5.0,0.57,0.333,0.574,0.702,0.61,3.8,3.3,0.6,22.8,7.5
LaMelo Ball,2023-24,CHO,PG,23.9,5.1,8.0,1.8,0.2,3.8,4.1,0.433,0.355,0.5,0.865,0.561,3.3,3.8,-0.5,20.8,1.1
Anthony Edwards,2023-24,MIN,SG,25.9,5.4,5.1,1.3,0.5,3.1,5.4,0.461,0.357,0.515,0.836,0.575,3.3,2.7,0.5,19.7,7.5
Tyrese Haliburton,2023-24,IND,PG,20.1,3.9,10.9,1.2,0.7,2.3,2.8,0.477,0.364,0.595,0.855,0.605,6.9,7.3,-0.4,23.3,9.0
Cade Cunningham,2023-24,DET,PG,22.7,4.3,7.5,0.9,0.4,3.4,3.8,0.449,0.355,0.487,0.869,0.546,0.3,2.0,-1.6,17.1,1.8
Jalen Green,2023-24,HOU,SG,19.6,5.2,3.5,0.8,0.3,2.3,3.5,0.423,0.332,0.498,0.804,0.541,-0.5,0.4,-0.9,14.7,3.1
Scottie Barnes,2023-24,TOR,SG,19.9,8.2,6.1,1.3,1.5,2.8,3.3,0.475,0.341,0.536,0.781,0.566,3.7,2.9,0.8,19.5,4.3
Victor Wembanyama,2023-24,SAS,C,21.4,10.6,3.9,1.2,3.6,3.7,4.1,0.465,0.325,0.534,0.796,0.565,5.2,1.9,3.3,23.1,3.7
Chet Holmgren,2023-24,OKC,C,16.5,7.9,2.4,0.6,2.3,1.6,2.7,0.53,0.37,0.623,0.793,0.632,3.4,1.8,1.5,20.4,8.9
Klay Thompson,2023-24,GSW,SF,17.9,3.3,2.3,0.6,0.5,1.5,1.6,0.432,0.387,0.503,0.927,0.576,-0.4,1.1,-1.5,13.9,3.6
Bradley Beal,2023-24,PHO,SG,18.2,4.4,5.0,1.0,0.5,2.5,2.1,0.513,0.43,0.552,0.813,0.607,0.4,0.9,-0.6,16.3,3.9
DeMar DeRozan,2023-24,CHI,SF,24.0,4.3,5.3,1.1,0.6,1.7,6.6,0.48,0.333,0.509,0.853,0.584,1.8,2.1,-0.3,19.7,9.2
Mike Conley,2023-24,MIN,PG,11.4,2.9,5.9,1.2,0.2,1.3,1.3,0.457,0.442,0.481,0.911,0.627,3.4,2.0,1.4,15.8,8.2
Julius Randle,2023-24,NYK,PF,24.0,9.2,5.0,0.5,0.3,3.5,5.1,0.472,0.311,0.539,0.781,0.569,1.9,2.2,-0.3,18.9,3.8
Jaylen Brown,2023-24,BOS,SF,23.0,5.5,3.6,1.2,0.5,2.4,3.0,0.499,0.354,0.57,0.703,0.58,0.7,0.9,-0.1,18.6,5.9
Jrue Holiday,2023-24,BOS,PG,12.5,5.4,4.8,0.9,0.8,1.8,0.9,0.48,0.429,0.526,0.833,0.597,2.1,1.0,1.1,14.4,6.3
Bam Adebayo,2023-24,MIA,C,19.3,10.4,3.9,1.1,0.9,2.3,4.1,0.521,0.357,0.528,0.755,0.576,2.4,0.8,1.7,19.8,7.2
Andrew Wiggins,2023-24,GSW,SF,13.2,4.5,1.7,0.6,0.6,1.2,2.0,0.453,0.358,0.498,0.751,0.544,-2.5,-1.4,-1.2,12.7,2.8
Kristaps Porzingis,2023-24,BOS,C,20.1,7.2,2.0,0.7,1.9,1.6,4.5,0.516,0.375,0.606,0.858,0.647,5.1,3.5,1.6,23.2,7.9
Deandre Ayton,2023-24,POR,C,16.7,11.1,1.6,1.0,0.8,1.8,1.2,0.57,0.1,0.576,0.823,0.587,0.3,0.5,-0.2,18.9,3.9
CJ McCollum,2023-24,NOP,PG,20.0,4.3,4.6,0.9,0.6,1.7,1.7,0.459,0.429,0.492,0.827,0.592,3.1,3.3,-0.3,17.9,5.9
Michael Porter Jr.,2023-24,DEN,SF,16.7,7.0,1.5,0.5,0.7,1.1,1.1,0.484,0.397,0.575,0.836,0.601,0.1,1.2,-1.2,15.5,6.2
Desmond Bane,2023-24,MEM,SG,23.7,4.4,5.5,1.0,0.5,2.7,3.3,0.464,0.381,0.536,0.87,0.589,2.8,3.1,-0.3,18.5,3.1
RJ Barrett,2023-24,2TM,SG,20.2,5.4,3.3,0.5,0.4,2.2,3.6,0.495,0.36,0.549,0.715,0.58,-0.8,0.7,-1.5,16.4,2.9
Austin Reaves,2023-24,LAL,SG,15.9,4.3,5.5,0.8,0.3,2.1,2.8,0.486,0.367,0.583,0.853,0.613,0.4,0.9,-0.4,15.5,5.9
Derrick White,2023-24,BOS,SG,15.2,4.2,5.2,1.0,1.2,1.5,1.9,0.461,0.396,0.555,0.901,0.611,3.8,2.4,1.4,16.9,8.5
Donovan Mitchell,2023-24,CLE,SG,26.6,5.1,6.1,1.8,0.5,2.8,5.0,0.462,0.368,0.539,0.865,0.595,5.8,4.6,1.2,22.1,6.4
De'Aaron Fox,2023-24,SAC,PG,26.6,4.6,5.6,2.0,0.4,2.6,4.2,0.465,0.369,0.522,0.738,0.567,2.7,2.6,0.1,20.1,6.5
Domantas Sabonis,2023-24,SAC,C,19.4,13.7,8.2,0.9,0.6,3.3,3.6,0.594,0.379,0.613,0.704,0.637,6.5,4.0,2.4,23.2,12.6
Karl-Anthony Towns,2023-24,MIN,PF,21.8,8.3,3.0,0.7,0.7,2.9,4.1,0.504,0.416,0.55,0.873,0.625,2.5,1.6,0.9,18.8,6.3
Brandon Ingram,2023-24,NOP,SF,20.8,5.1,5.7,0.8,0.6,2.5,3.8,0.492,0.355,0.534,0.801,0.578,1.2,1.4,-0.3,18.2,5.1
Pascal Siakam,2023-24,2TM,PF,21.7,7.1,4.3,0.8,0.3,1.8,3.6,0.536,0.346,0.581,0.732,0.601,1.9,2.6,-0.7,19.7,6.9
Fred VanVleet,2023-24,HOU,PG,17.4,3.8,8.1,1.4,0.8,1.7,2.7,0.416,0.387,0.454,0.86,0.568,3.4,2.6,0.8,16.7,8.4
Draymond Green,2023-24,GSW,PF,8.6,7.2,6.0,1.0,0.9,2.5,1.0,0.497,0.395,0.551,0.73,0.587,2.4,-0.6,3.0,14.5,3.6
Brook Lopez,2023-24,MIL,C,12.5,5.2,1.6,0.5,2.4,1.0,1.4,0.485,0.366,0.621,0.821,0.608,1.0,0.2,0.8,14.8,5.9
Mikal Bridges,2023-24,BRK,SF,19.6,4.5,3.6,1.0,0.4,2.0,3.1,0.436,0.372,0.49,0.814,0.56,-0.4,0.7,-1.0,14.9,4.2
Aaron Gordon,2023-24,DEN,PF,13.9,6.5,3.5,0.8,0.6,1.4,2.4,0.556,0.29,0.619,0.658,0.607,1.3,1.2,0.1,16.8,7.1
Tyrese Maxey,2023-24,PHI,PG,25.9,3.7,6.2,1.0,0.5,1.7,4.7,0.45,0.373,0.501,0.868,0.573,3.1,4.1,-1.0,19.8,8.1
Darius Garland,2023-24,CLE,PG,18.0,2.7,6.5,1.3,0.1,3.1,2.6,0.446,0.371,0.501,0.834,0.56,-1.0,0.2,-1.2,14.5,2.7
Jalen Brunson,2023-24,NYK,PG,28.7,3.6,6.7,0.9,0.2,2.4,5.5,0.479,0.401,0.516,0.847,0.592,5.8,6.3,-0.4,23.4,11.2
Franz Wagner,2023-24,ORL,SF,19.7,5.3,3.7,1.1,0.4,1.9,3.8,0.482,0.281,0.57,0.85,0.575,1.2,0.9,0.3,17.6,6.4
Alperen Sengun,2023-24,HOU,C,21.1,9.3,5.0,1.2,0.7,2.6,3.9,0.537,0.297,0.567,0.693,0.585,4.9,3.1,1.7,22.0,6.9
Josh Giddey,2023-24,OKC,SG,12.3,6.4,4.8,0.6,0.6,2.1,1.3,0.475,0.337,0.53,0.806,0.547,1.5,1.0,0.4,16.6,4.3
Bennedict Mathurin,2023-24,IND,SF,14.5,4.0,2.0,0.6,0.2,1.6,3.1,0.446,0.374,0.481,0.821,0.562,-3.4,-1.2,-2.3,13.0,1.4
Keegan Murray,2023-24,SAC,SF,15.2,5.5,1.7,1.0,0.8,0.8,1.3,0.454,0.358,0.56,0.831,0.569,-0.9,-0.4,-0.5,13.3,5.2
Immanuel Quickley,2023-24,2TM,SG,17.0,3.8,4.9,0.7,0.1,1.5,3.1,0.434,0.395,0.471,0.853,0.577,1.3,2.2,-0.9,16.7,4.7
Cam Thomas,2023-24,BRK,SG,22.5,3.2,2.9,0.7,0.2,1.9,4.3,0.442,0.364,0.481,0.856,0.554,-1.2,0.7,-1.9,16.1,2.5
LeBron James,2024-25,LAL,SF,24.4,7.8,8.2,1.0,0.6,3.7,3.7,0.513,0.376,0.574,0.782,0.604,5.6,4.9,0.7,22.7,7.7
Kevin Durant,2024-25,PHO,PF,26.6,6.0,4.2,0.8,1.2,3.1,4.9,0.527,0.43,0.574,0.839,0.642,3.2,3.9,-0.7,21.2,5.2
Stephen Curry,2024-25,GSW,PG,24.5,4.4,6.0,1.1,0.4,2.9,4.0,0.448,0.397,0.534,0.933,0.618,6.3,6.4,0.0,21.5,7.9
Nikola Jokić,2024-25,DEN,C,29.6,12.7,10.2,1.8,0.6,3.3,5.2,0.576,0.417,0.627,0.8,0.663,13.3,9.9,3.3,32.0,16.4
Giannis Antetokounmpo,2024-25,MIL,PF,30.4,11.9,6.5,0.9,1.2,3.1,6.5,0.601,0.222,0.62,0.617,0.625,9.5,6.9,2.5,30.5,11.5
Joel Embiid,2024-25,PHI,C,23.8,8.2,4.5,0.7,0.9,3.3,7.8,0.444,0.299,0.492,0.882,0.58,3.5,3.7,-0.3,23.4,1.4
Kawhi Leonard,2024-25,LAC,SF,21.5,5.9,3.1,1.6,0.5,1.9,2.6,0.498,0.411,0.536,0.81,0.589,3.1,2.5,0.6,20.5,3.5
James Harden,2024-25,LAC,PG,22.8,5.8,8.7,1.5,0.7,4.3,6.4,0.41,0.352,0.472,0.874,0.582,4.3,3.5,0.8,20.0,8.3
Russell Westbrook,2024-25,DEN,PG,13.3,4.9,6.1,1.4,0.5,3.2,2.1,0.449,0.323,0.517,0.661,0.532,-1.1,-0.9,-0.2,14.3,1.9
Jayson Tatum,2024-25,BOS,PF,26.8,8.7,6.0,1.1,0.5,2.9,5.0,0.452,0.343,0.559,0.814,0.582,5.2,4.4,0.8,21.7,9.5
Luka Dončić,2024-25,2TM,PG,28.2,8.2,7.7,1.8,0.4,3.6,6.2,0.45,0.368,0.522,0.782,0.587,6.7,5.5,1.2,24.1,5.9
Anthony Davis,2024-25,2TM,PF,24.7,11.6,3.5,1.2,2.2,2.2,5.6,0.516,0.282,0.553,0.775,0.588,5.4,3.9,1.5,26.3,6.7
Devin Booker,2024-25,PHO,SG,25.6,4.1,7.1,0.9,0.2,2.9,5.8,0.461,0.332,0.542,0.894,0.589,0.4,2.8,-2.4,19.3,6.4
Damian Lillard,2024-25,MIL,PG,24.9,4.7,7.1,1.2,0.2,2.8,6.2,0.448,0.376,0.528,0.921,0.621,4.0,4.7,-0.6,21.3,7.6
Jimmy Butler,2024-25,2TM,SF,17.5,5.4,5.4,1.4,0.3,1.3,6.0,0.504,0.308,0.546,0.842,0.626,4.9,4.0,1.0,22.4,8.7
Kyrie Irving,2024-25,DAL,SG,24.7,4.8,4.6,1.3,0.5,2.2,3.9,0.473,0.401,0.517,0.916,0.594,3.4,3.9,-0.5,19.9,4.6
Paul George,2024-25,PHI,PF,16.2,5.3,4.3,1.8,0.5,2.6,1.9,0.43,0.358,0.493,0.814,0.543,-0.4,-0.5,0.1,14.5,1.0
Chris Paul,2024-25,SAS,PG,8.8,3.6,7.4,1.3,0.3,1.6,1.0,0.427,0.377,0.514,0.924,0.58,0.8,0.3,0.5,14.7,5.7
Shai Gilgeous-Alexander,2024-25,OKC,PG,32.7,5.0,6.4,1.7,1.0,2.4,7.9,0.519,0.375,0.571,0.898,0.637,11.5,8.9,2.6,30.7,16.7
Ja Morant,2024-25,MEM,PG,23.2,4.1,7.3,1.2,0.2,3.7,5.3,0.454,0.309,0.523,0.824,0.563,2.4,3.1,-0.7,19.3,3.5
Zion Williamson,2024-25,NOP,PF,24.6,7.2,5.3,1.2,0.9,3.0,5.3,0.567,0.231,0.576,0.656,0.6,7.0,5.9,1.0,27.3,2.5
LaMelo Ball,2024-25,CHO,PG,25.2,4.9,7.4,1.1,0.3,3.6,4.1,0.405,0.339,0.478,0.843,0.536,3.2,4.1,-0.9,19.1,2.0
Anthony Edwards,2024-25,MIN,SG,27.6,5.7,4.5,1.2,0.6,3.2,5.3,0.447,0.395,0.501,0.837,0.595,4.3,4.4,0.0,20.1,8.4
Tyrese Haliburton,2024-25,IND,PG,18.6,3.5,9.2,1.4,0.7,1.6,2.6,0.473,0.388,0.581,0.851,0.616,5.8,5.7,0.2,21.8,10.4
Cade Cunningham,2024-25,DET,PG,26.1,6.1,9.1,1.0,0.8,4.4,4.5,0.469,0.356,0.515,0.846,0.565,3.9,3.8,0.1,20.6,5.9
Jalen Green,2024-25,HOU,SG,21.0,4.6,3.4,0.9,0.3,2.5,3.3,0.423,0.354,0.482,0.813,0.544,0.5,1.1,-0.5,15.1,5.1
Scottie Barnes,2024-25,TOR,PF,19.3,7.7,5.8,1.4,1.0,2.8,3.5,0.446,0.271,0.508,0.755,0.523,2.4,1.5,0.9,17.8,3.5
Victor Wembanyama,2024-25,SAS,C,24.3,11.0,3.7,1.1,3.8,3.2,3.4,0.476,0.352,0.586,0.836,0.594,6.5,3.6,2.9,24.2,3.8
Chet Holmgren,2024-25,OKC,C,15.0,8.0,2.0,0.7,2.2,1.8,3.2,0.49,0.379,0.547,0.754,0.599,2.4,0.5,1.9,19.2,3.2
Klay Thompson,2024-25,DAL,SF,14.0,3.4,2.0,0.7,0.4,1.2,0.9,0.412,0.391,0.448,0.905,0.552,-1.0,0.7,-1.6,12.9,1.8
Bradley Beal,2024-25,PHO,SG,17.0,3.3,3.7,1.1,0.5,1.9,2.1,0.497,0.386,0.565,0.803,0.598,-1.1,-0.1,-1.0,15.2,2.4
DeMar DeRozan,2024-25,SAC,SF,22.2,3.9,4.4,0.8,0.4,1.4,4.9,0.477,0.328,0.513,0.857,0.569,-0.1,1.2,-1.2,17.7,7.1
Mike Conley,2024-25,MIN,PG,8.2,2.6,4.5,1.1,0.2,1.1,1.1,0.4,0.41,0.38,0.9,0.573,1.2,-0.1,1.3,13.3,5.2
Julius Randle,2024-25,MIN,PF,18.7,7.1,4.7,0.7,0.2,2.8,3.9,0.485,0.344,0.555,0.806,0.593,1.3,1.5,-0.2,17.5,6.2
Jaylen Brown,2024-25,BOS,SF,22.2,5.8,4.5,1.2,0.3,2.6,3.9,0.463,0.324,0.529,0.764,0.555,0.0,0.4,-0.4,17.8,5.2
Jrue Holiday,2024-25,BOS,PG,11.1,4.3,3.9,1.1,0.4,1.2,1.1,0.443,0.353,0.547,0.909,0.565,0.7,-0.3,1.0,13.5,5.1
Bam Adebayo,2024-25,MIA,C,18.1,9.6,4.3,1.3,0.7,2.1,3.2,0.485,0.357,0.517,0.765,0.561,2.0,1.0,1.0,18.9,7.5
Andrew Wiggins,2024-25,2TM,SF,18.0,4.5,2.6,1.0,0.8,1.7,3.3,0.448,0.374,0.501,0.763,0.566,0.9,1.2,-0.3,16.4,4.0
Kristaps Porzingis,2024-25,BOS,C,19.5,6.8,2.1,0.7,1.5,1.3,3.8,0.483,0.412,0.537,0.809,0.618,4.7,3.5,1.2,22.3,5.3
Deandre Ayton,2024-25,POR,C,14.4,10.2,1.6,0.8,1.0,1.7,1.0,0.566,0.188,0.594,0.667,0.583,-0.7,-0.3,-0.4,17.7,2.8
CJ McCollum,2024-25,NOP,PG,21.1,3.8,4.1,0.8,0.4,1.9,2.2,0.444,0.373,0.505,0.717,0.55,-1.4,1.2,-2.6,15.8,1.5
Michael Porter Jr.,2024-25,DEN,SF,18.2,7.0,2.1,0.6,0.5,1.4,1.9,0.504,0.395,0.599,0.768,0.617,-0.1,1.6,-1.7,16.2,6.4
Desmond Bane,2024-25,MEM,SG,19.2,6.1,5.3,1.2,0.4,2.4,2.6,0.484,0.392,0.548,0.894,0.6,3.2,2.6,0.6,17.9,6.5
RJ Barrett,2024-25,TOR,SF,21.1,6.3,5.4,0.8,0.3,2.8,3.4,0.468,0.35,0.522,0.63,0.547,0.6,1.2,-0.7,16.5,2.4
Austin Reaves,2024-25,LAL,SG,20.2,4.5,5.8,1.1,0.3,2.4,4.4,0.46,0.377,0.547,0.877,0.616,1.9,2.4,-0.5,18.1,7.6
Derrick White,2024-25,BOS,SG,16.4,4.5,4.8,0.9,1.1,1.7,1.8,0.442,0.384,0.593,0.839,0.606,3.5,2.7,0.8,16.6,8.5
Donovan Mitchell,2024-25,CLE,SG,24.0,4.5,5.0,1.3,0.2,2.1,4.2,0.443,0.368,0.512,0.823,0.575,3.7,3.8,-0.2,20.9,7.6
De'Aaron Fox,2024-25,2TM,PG,23.5,4.8,6.3,1.5,0.4,2.8,4.2,0.463,0.31,0.538,0.827,0.56,0.4,1.3,-1.0,18.3,4.3
Domantas Sabonis,2024-25,SAC,C,19.1,13.9,6.0,0.7,0.4,2.9,3.1,0.59,0.417,0.627,0.754,0.655,5.2,4.2,1.1,22.9,10.1
Karl-Anthony Towns,2024-25,NYK,C,24.4,12.8,3.1,1.0,0.7,2.7,4.7,0.526,0.42,0.567,0.829,0.63,3.6,3.5,0.1,23.4,10.1
Brandon Ingram,2024-25,NOP,SF,22.2,5.6,5.2,0.9,0.6,3.8,2.6,0.465,0.374,0.514,0.855,0.56,-0.3,1.4,-1.7,16.0,0.0
Pascal Siakam,2024-25,IND,PF,20.2,6.9,3.4,0.9,0.5,1.4,2.9,0.519,0.389,0.568,0.734,0.599,1.7,2.2,-0.5,19.2,7.5
Fred VanVleet,2024-25,HOU,PG,14.1,3.7,5.6,1.6,0.4,1.5,1.9,0.378,0.345,0.43,0.81,0.515,0.9,-0.4,1.3,12.8,5.2
Draymond Green,2024-25,GSW,PF,9.0,6.1,5.6,1.5,1.0,2.6,1.5,0.424,0.325,0.517,0.687,0.534,0.5,-2.3,2.8,12.4,3.7
Brook Lopez,2024-25,MIL,C,13.0,5.0,1.8,0.6,1.9,1.1,1.4,0.509,0.373,0.636,0.826,0.624,0.8,0.4,0.4,14.8,6.6
Mikal Bridges,2024-25,NYK,SF,17.6,3.2,3.7,0.9,0.5,1.6,1.2,0.5,0.354,0.594,0.814,0.585,-0.5,0.4,-0.9,14.0,5.7
Aaron Gordon,2024-25,DEN,PF,14.7,4.8,3.2,0.5,0.3,1.4,2.8,0.531,0.436,0.582,0.81,0.65,1.2,2.7,-1.5,17.0,4.3
Tyrese Maxey,2024-25,PHI,PG,26.3,3.3,6.1,1.8,0.4,2.4,4.9,0.437,0.337,0.515,0.879,0.562,2.0,3.2,-1.1,19.5,3.8
Darius Garland,2024-25,CLE,PG,20.6,2.9,6.7,1.2,0.1,2.5,3.0,0.472,0.401,0.53,0.878,0.6,3.1,3.9,-0.8,19.9,8.1
Jalen Brunson,2024-25,NYK,PG,26.0,2.9,7.3,0.9,0.1,2.5,5.7,0.488,0.383,0.539,0.821,0.605,3.3,4.7,-1.3,21.6,8.3
Franz Wagner,2024-25,ORL,SF,24.2,5.7,4.7,1.3,0.4,2.3,4.5,0.463,0.295,0.535,0.871,0.558,3.1,2.6,0.5,20.1,5.6
Alperen Sengun,2024-25,HOU,C,19.1,10.3,4.9,1.1,0.8,2.6,3.9,0.496,0.233,0.519,0.692,0.545,4.4,2.6,1.8,21.4,8.3
Josh Giddey,2024-25,CHI,PG,14.6,8.1,7.2,1.2,0.6,2.9,2.5,0.465,0.378,0.512,0.781,0.57,3.0,1.9,1.1,18.1,5.3
Bennedict Mathurin,2024-25,IND,SF,16.1,5.3,1.9,0.7,0.3,1.9,3.8,0.458,0.34,0.519,0.831,0.579,-2.9,-1.3,-1.5,13.6,3.0
Keegan Murray,2024-25,SAC,PF,12.4,6.7,1.4,0.8,0.9,0.8,0.8,0.444,0.343,0.566,0.833,0.553,-1.6,-0.8,-0.8,12.0,4.4
Immanuel Quickley,2024-25,TOR,PG,17.1,3.5,5.8,0.7,0.1,1.8,3.4,0.42,0.378,0.465,0.867,0.57,2.2,3.2,-1.0,17.5,2.5
Cam Thomas,2024-25,BRK,SG,24.0,3.3,3.8,0.6,0.1,2.5,5.3,0.438,0.349,0.506,0.881,0.575,0.3,2.8,-2.6,18.0,1.2
